Name,Age,NetWorth,,,,,,
Elon Musk,50,225500000000,,,,,,
Jeff Bezos,58,147400000000,,,,,,
Bernard Arnault & family,73,154900000000,,,,,,
Bill Gates,66,127700000000,,,,,,
Warren Buffett,91,113100000000,,,,,,
Larry Page,49,98100000000,,,,,,
Sergey Brin,48,94300000000,,,,,,
Larry Ellison,77,98600000000,,,,,,
Steve Ballmer,66,89300000000,,,,,,
Mukesh Ambani,65,98000000000,,,,,,
Gautam Adani & family,59,99100000000,,,,,,
Michael Bloomberg,80,82000000000,,,,,,
Carlos Slim Helu & family,82,90900000000,,,,,,
Francoise Bettencourt Meyers & family,68,69800000000,,,,,,
Mark Zuckerberg,38,67700000000,,,,,,
Jim Walton,73,60100000000,,,,,,
Zhong Shanshan,67,66800000000,,,,,,
Alice Walton,72,59200000000,,,,,,
Rob Walton,77,59000000000,,,,,,
Changpeng Zhao,44,17400000000,,,,,,
Charles Koch,86,63400000000,,,,,,
Julia Koch & family,60,63400000000,,,,,,
Amancio Ortega,86,59400000000,,,,,,
Amancio Ortega,86,59400000000,,,,,,
Zhang Yiming,38,49500000000,,,,,,
David Thomson & family,64,47400000000,,,,,,
Phil Knight & family,84,46000000000,,,,,,
Dieter Schwarz,82,37000000000,,,,,,
Robin Zeng,53,36700000000,,,,,,
MacKenzie Scott,52,36000000000,,,,,,
Rodolphe Saad√© & family,52,41400000000,,,,,,
Fran√ßois Pinault & family,85,36700000000,,,,,,
Klaus-Michael Kuehne,84,40100000000,,,,,,
Ma Huateng,50,38300000000,,,,,,
Giovanni Ferrero,57,35400000000,,,,,,
Li Ka-shing,93,37200000000,,,,,,
Stephen Schwarzman,75,34900000000,,,,,,
Lee Shau Kee,94,33600000000,,,,,,
Len Blavatnik,65,31500000000,,,,,,
Jacqueline Mars,82,32600000000,,,,,,
John Mars,86,32600000000,,,,,,
Alain Wertheimer,73,29900000000,,,,,,
Gerard Wertheimer,71,29900000000,,,,,,
German Larrea Mota Velasco & family,68,29000000000,,,,,,
Gina Rinehart,68,29600000000,,,,,,
Shiv Nadar,76,24700000000,,,,,,
Jim Simons,84,28600000000,,,,,,
He Xiangjian,79,25200000000,,,,,,
Miriam Adelson,76,26900000000,,,,,,
Dietrich Mateschitz,78,26000000000,,,,,,
Leonardo Del Vecchio & family,87,26300000000,,,,,,
Ken Griffin,53,26400000000,,,,,,
Tadashi Yanai & family,73,24800000000,,,,,,
William Lei Ding,50,31500000000,,,,,,
Susanne Klatten,60,25500000000,,,,,,
Cyrus Poonawalla,81,21500000000,,,,,,
Wang Wei,51,22500000000,,,,,,
Qin Yinglin,57,20800000000,,,,,,
Sam Bankman-Fried,30,21000000000,,,,,,
Takemitsu Takizaki,76,21900000000,,,,,,
Li Shufu,59,30800000000,,,,,,
Emmanuel Besnier,51,22600000000,,,,,,
R. Budi Hartono,81,22500000000,,,,,,
Leonard Lauder,89,22000000000,,,,,,
Guillaume Pousaz,40,23000000000,,,,,,
Iris Fontbona & family,79,22700000000,,,,,,
Jack Ma,57,23500000000,,,,,,
Michael Hartono,82,21600000000,,,,,,
Eric Schmidt,67,19900000000,,,,,,
Ray Dalio,72,22000000000,,,,,,
Daniel Gilbert,60,18700000000,,,,,,
"Thomas Frist, Jr. & family",83,17700000000,,,,,,
Masayoshi Son,64,22100000000,,,,,,
Abigail Johnson,60,20900000000,,,,,,
Rupert Murdoch & family,91,18900000000,,,,,,
Stefan Quandt,56,21900000000,,,,,,
Jensen Huang,59,17200000000,,,,,,
Huang Shilin,55,16600000000,,,,,,
Thomas Peterffy,77,19900000000,,,,,,
Radhakishan Damani,67,18300000000,,,,,,
Pang Kang,66,16700000000,,,,,,
Wang Chuanfu,56,24000000000,,,,,,
Reinhold Wuerth & family,87,16300000000,,,,,,
"Theo Albrecht, Jr. & family",71,18500000000,,,,,,
Yang Huiyan & family,40,16600000000,,,,,,
Vladimir Lisin,66,25300000000,,,,,,
Fan Hongwei & family,55,18100000000,,,,,,
Lakshmi Mittal,71,18000000000,,,,,,
Andrew Forrest,60,19500000000,,,,,,
Jiang Rensheng & family,68,12300000000,,,,,,
Savitri Jindal & family,72,14700000000,,,,,,
Wang Wenyin,54,15300000000,,,,,,
Li Xiting,71,16500000000,,,,,,
Stefan Persson,74,16900000000,,,,,,
Steve Cohen,65,17400000000,,,,,,
Vladimir Potanin,61,29100000000,,,,,,
Harold Hamm & family,76,20400000000,,,,,,
Sun Piaoyang,63,14200000000,,,,,,
Luo Liguo & family,66,11000000000,,,,,,
Peter Woo,75,17600000000,,,,,,
Gianluigi & Rafaela Aponte,81,18000000000,,,,,,
David Tepper,64,16700000000,,,,,,
Renata Kellnerova & family,54,16400000000,,,,,,
"John Menard, Jr.",82,15400000000,,,,,,
Kumar Birla,54,14300000000,,,,,,
Carl Icahn,86,15800000000,,,,,,
Lukas Walton,35,15100000000,,,,,,
Laurene Powell Jobs & family,58,15500000000,,,,,,
James Ratcliffe,69,15900000000,,,,,,
Donald Bren,90,16200000000,,,,,,
Xu Hang,56,15100000000,,,,,,
Lu Xiangyang,59,19100000000,,,,,,
Dilip Shanghvi,66,14300000000,,,,,,
Wei Jianjun & family,58,16500000000,,,,,,
Jorge Paulo Lemann & family,82,14900000000,,,,,,
Eyal Ofer,71,14600000000,,,,,,
Mike Cannon-Brookes,42,11500000000,,,,,,
Wu Yajun,58,15400000000,,,,,,
Charlene de Carvalho-Heineken & family,67,16000000000,,,,,,
Michael Platt,54,15200000000,,,,,,
Pavel Durov,37,15100000000,,,,,,
Scott Farquhar,42,11400000000,,,,,,
Pallonji Mistry,93,13800000000,,,,,,
Dang Yanbao,49,12600000000,,,,,,
Robert Pera,44,15300000000,,,,,,
Donald Newhouse,92,13300000000,,,,,,
Uday Kotak,63,14800000000,,,,,,
Aliko Dangote,65,14200000000,,,,,,
Leonid Mikhelson,66,22700000000,,,,,,
Sunil Mittal & family,64,13700000000,,,,,,
Liu Hanyuan,58,12800000000,,,,,,
Joseph Lau,70,13500000000,,,,,,
Anders Holch Povlsen,49,12800000000,,,,,,
Dhanin Chearavanont,83,12400000000,,,,,,
Gong Hongjia & family,57,10600000000,,,,,,
Liu Yongxing,74,12600000000,,,,,,
Alexey Mordashov,56,19900000000,,,,,,
Wang Jianlin,67,12600000000,,,,,,
David Duffield,81,9700000000,,,,,,
Li Zhenguo & family,54,12000000000,,,,,,
Harry Triguboff,89,11700000000,,,,,,
Zhang Zhidong,50,12500000000,,,,,,
Chen Bang,56,13500000000,,,,,,
John Doerr,70,11000000000,,,,,,
Kwong Siu-hing,92,13100000000,,,,,,
Pei Zhenhua,63,10100000000,,,,,,
Ricardo Salinas Pliego & family,66,12000000000,,,,,,
Jim Pattison,93,12200000000,,,,,,
Charles Schwab,84,11000000000,,,,,,
Goh Cheng Liang,94,11500000000,,,,,,
Lin Jianhua & family,59,10400000000,,,,,,
Charoen Sirivadhanabhakdi,78,12400000000,,,,,,
Jeff Yass,63,12000000000,,,,,,
John Fredriksen,77,12400000000,,,,,,
Andreas Struengmann & family,72,13300000000,,,,,,
Thomas Struengmann & family,72,13300000000,,,,,,
Mikhail Fridman,58,13000000000,,,,,,
Sarath Ratanavadi,56,11700000000,,,,,,
Robert Kuok,98,11100000000,,,,,,
Lei Jun,52,10300000000,,,,,,
Zhang Congyuan,74,11700000000,,,,,,
Lui Che Woo,93,11700000000,,,,,,
Brian Chesky,40,9200000000,,,,,,
Israel Englander,73,11500000000,,,,,,
Dustin Moskovitz,38,10800000000,,,,,,
Alisher Usmanov,68,15000000000,,,,,,
Jay Chaudhry,62,8500000000,,,,,,
Anthony Pratt,62,11600000000,,,,,,
Colin Zheng Huang,42,17300000000,,,,,,
Jin Baofang,69,11000000000,,,,,,
Pierre Omidyar,54,10200000000,,,,,,
Gennady Timchenko,69,19200000000,,,,,,
Carl Cook,59,10700000000,,,,,,
Andrey Melnichenko,50,24300000000,,,,,,
Xing Wang,43,14400000000,,,,,,
Philip Anschutz,82,10800000000,,,,,,
David Cheriton,71,9800000000,,,,,,
Alexander Otto,54,10100000000,,,,,,
Diane Hendricks,75,12400000000,,,,,,
Stanley Kroenke,74,10700000000,,,,,,
Jerry Jones,79,12600000000,,,,,,
Quek Leng Chan,80,10200000000,,,,,,
Eduardo Saverin,40,10600000000,,,,,,
Vagit Alekperov,71,21000000000,,,,,,
Richard Liu,48,12100000000,,,,,,
Idan Ofer,66,10200000000,,,,,,
Melker Schorling & family,75,9900000000,,,,,,
"Chase Coleman, III.",46,10300000000,,,,,,
Shuirong Li,65,10200000000,,,,,,
Stefano Pessina,80,9700000000,,,,,,
Mikhail Prokhorov,57,11200000000,,,,,,
Marcel Herrmann Telles,72,10000000000,,,,,,
Leon Black,70,9500000000,,,,,,
Joe Gebbia,40,8000000000,,,,,,
David Geffen,79,9700000000,,,,,,
Yu Renrong,56,6900000000,,,,,,
Andrew Beal,69,9600000000,,,,,,
George Kaiser,79,10500000000,,,,,,
Qi Shi & family,52,10400000000,,,,,,
Luis Carlos Sarmiento,89,9600000000,,,,,,
Andreas von Bechtolsheim & family,66,8900000000,,,,,,
Jan Koum,46,9800000000,,,,,,
Jorge Moll Filho & family,77,6900000000,,,,,,
Azim Premji,76,9100000000,,,,,,
Finn Rausing,67,10000000000,,,,,,
Jorn Rausing,62,10000000000,,,,,,
Kirsten Rausing,69,10000000000,,,,,,
Wang Laisheng,57,8700000000,,,,,,
John Collison,31,9500000000,,,,,,
Patrick Collison,33,9500000000,,,,,,
Gordon Moore,93,9200000000,,,,,,
Wang Laichun,54,8400000000,,,,,,
Graeme Hart,66,9300000000,,,,,,
Zheng Shuliang & family,76,9200000000,,,,,,
Cao Renxian,53,5700000000,,,,,,
Nathan Blecharczyk,38,7500000000,,,,,,
James Dyson,75,8000000000,,,,,,
Ivan Glasenberg,65,9000000000,,,,,,
Kim Beom-su,56,7700000000,,,,,,
Jay Y. Lee,53,9100000000,,,,,,
Liu Yonghao & family,70,7700000000,,,,,,
Ann Walton Kroenke,73,8200000000,,,,,,
Li Ping,54,7400000000,,,,,,
Eric Wittouck,75,9000000000,,,,,,
Friedhelm Loh,75,8700000000,,,,,,
Xavier Niel,54,8700000000,,,,,,
Michael Otto,79,8700000000,,,,,,
Johann Rupert & family,72,8500000000,,,,,,
Hui Ka Yan,63,8600000000,,,,,,
Pauline MacMillan Keinath,88,9100000000,,,,,,
"Herbert Kohler, Jr. & family",83,8800000000,,,,,,
Li Ge,55,8300000000,,,,,,
Kushal Pal Singh,90,8300000000,,,,,,
Zong Qinghou,76,8300000000,,,,,,
Cai Kui,59,8800000000,,,,,,
Charles Ergen,69,6500000000,,,,,,
Gao Jifan & family,57,7100000000,,,,,,
Bernard Marcus,93,8200000000,,,,,,
Nicky Oppenheimer & family,76,8700000000,,,,,,
"Ernest Garcia, II.",65,4100000000,,,,,,
Paul Xiaoming Lee & family,64,8000000000,,,,,,
George Soros,91,8600000000,,,,,,
Wang Liping & family,56,7500000000,,,,,,
Ernesto Bertarelli,56,8600000000,,,,,,
Tamara Gustavson,60,7900000000,,,,,,
Carlos Alberto Sicupira & family,74,8300000000,,,,,,
Laurent Dassault,68,8200000000,,,,,,
Thierry Dassault,65,8200000000,,,,,,
Marie-H√©l√®ne Habert-Dassault,57,8200000000,,,,,,
Liu Jincheng & family,57,9000000000,,,,,,
Ma Jianrong & family,58,8900000000,,,,,,
Steven Rales,71,8300000000,,,,,,
Joseph Tsai,58,8500000000,,,,,,
Anthony von Mandl,72,9200000000,,,,,,
Carl Bennet,70,7200000000,,,,,,
Robert Kraft,80,8300000000,,,,,,
Chairul Tanjung,59,7100000000,,,,,,
Manuel Villar,72,8400000000,,,,,,
Jean-Michel Besnier,54,7900000000,,,,,,
Marie Besnier Beauvalot,41,7900000000,,,,,,
Gustaf Douglas,84,7200000000,,,,,,
Kjeld Kirk Kristiansen,74,8000000000,,,,,,
Sofie Kirk Kristiansen,46,8000000000,,,,,,
Thomas Kirk Kristiansen,43,8000000000,,,,,,
Stephen Ross,82,8200000000,,,,,,
Agnete Kirk Thinggaard,39,8000000000,,,,,,
Marc Benioff,57,7400000000,,,,,,
Dmitri Bukhman,37,8100000000,,,,,,
Igor Bukhman,40,8100000000,,,,,,
Francis Choi,74,8100000000,,,,,,
Murali Divi & family,71,6600000000,,,,,,
Nancy Walton Laurie,71,7300000000,,,,,,
Georg Schaeffler,57,8900000000,,,,,,
Yao Liangsong,57,7400000000,,,,,,
Zhong Huijuan,61,7200000000,,,,,,
George Roberts,78,8200000000,,,,,,
Michael Rubin,49,8000000000,,,,,,
Patrick Ryan,85,7600000000,,,,,,
Christopher Hohn,55,7900000000,,,,,,
Marijke Mars,57,8200000000,,,,,,
Pamela Mars,61,8200000000,,,,,,
Valerie Mars,63,8200000000,,,,,,
Victoria Mars,65,8200000000,,,,,,
Hasso Plattner & family,78,7500000000,,,,,,
Georg Stumpf,49,7900000000,,,,,,
Christy Walton,73,7200000000,,,,,,
Giorgio Armani,87,7100000000,,,,,,
Gopikishan Damani,64,7100000000,,,,,,
Ding Shizhong & family,51,7200000000,,,,,,
Jim Kennedy,74,7300000000,,,,,,
Liang Wengen,65,7200000000,,,,,,
Blair Parry-Okeden,72,7300000000,,,,,,
Tsai Eng-meng,65,7800000000,,,,,,
Ashwin Dani & family,79,7400000000,,,,,,
Ding Shijia,58,7100000000,,,,,,
Karel Komarek,53,7600000000,,,,,,
Henry Kravis,78,7800000000,,,,,,
Frederik Paulsen,71,7800000000,,,,,,
Nassef Sawiris,61,7800000000,,,,,,
Xu Shihui,64,7700000000,,,,,,
Rahel Blocher,46,7100000000,,,,,,
Shahid Khan,71,7600000000,,,,,,
Magdalena Martullo-Blocher,53,7100000000,,,,,,
Vincent Bollor√© & family,70,8000000000,,,,,,
Jeffery Hildebrand,63,9000000000,,,,,,
Michael Kim,58,7700000000,,,,,,
Richard Kinder,77,8000000000,,,,,,
David Shaw,71,7500000000,,,,,,
John Malone,81,7100000000,,,,,,
Vicky Safra,69,7800000000,,,,,,
Tim Sweeney,51,7600000000,,,,,,
Mike Adenuga,69,6900000000,,,,,,
David Green & family,80,6600000000,,,,,,
"Paul Tudor Jones, II.",67,7300000000,,,,,,
Yuri Milner,60,7300000000,,,,,,
Henry Samueli,67,7300000000,,,,,,
Patrick Soon-Shiong,69,6500000000,,,,,,
Antonia Ax:son Johnson & family,78,7400000000,,,,,,
Michael Kadoorie,80,7100000000,,,,,,
Lin Shu-hong,93,6700000000,,,,,,
Niels Peter Louis-Hansen,74,6400000000,,,,,,
Reinhold Schmieding,67,6900000000,,,,,,
Wee Cho Yaw,93,7100000000,,,,,,
Silvio Berlusconi & family,85,6600000000,,,,,,
Arthur Blank,79,6800000000,,,,,,
Qian Dongqi & family,64,6700000000,,,,,,
J. Christopher Reyes,68,7100000000,,,,,,
Jude Reyes,66,7100000000,,,,,,
Nik Storonsky,37,7100000000,,,,,,
Deng Weiming & family,53,6000000000,,,,,,
Judy Faulkner,78,6900000000,,,,,,
Robin Li,53,8200000000,,,,,,
Carrie Perrodo & family,71,8400000000,,,,,,
David Reuben,83,6800000000,,,,,,
Simon Reuben,81,6800000000,,,,,,
Seo Jung-jin,64,6500000000,,,,,,
Roman Abramovich,55,8800000000,,,,,,
Micky Arison,72,6100000000,,,,,,
Edythe Broad & family,86,6900000000,,,,,,
Terry Gou,71,7200000000,,,,,,
Jiang Bin,55,7000000000,,,,,,
Vinod Khosla,67,6200000000,,,,,,
Ralph Lauren,82,6800000000,,,,,,
Douglas Leone,64,6200000000,,,,,,
Lucia Maggi & family,89,7400000000,,,,,,
Horst Julius Pudwill,77,5600000000,,,,,,
Abdulsamad Rabiu,61,7000000000,,,,,,
Harry Stine,80,7200000000,,,,,,
Dennis Washington,87,6600000000,,,,,,
Hasmukh Chudgar & family,88,6700000000,,,,,,
Stanley Druckenmiller,68,6800000000,,,,,,
Jonathan Gray,52,6800000000,,,,,,
Kwon Hyuk-bin,48,6700000000,,,,,,
Frank Lowy,91,6800000000,,,,,,
Ronda Stryker,68,6400000000,,,,,,
Alejandro Bailleres Gual & siblings,61,6500000000,,,,,,
Benu Gopal Bangur,91,6400000000,,,,,,
James Goodnight,79,6300000000,,,,,,
Alain Merieux & family,84,6800000000,,,,,,
Enrique Razon Jr.,62,6300000000,,,,,,
Robert F. Smith,59,6700000000,,,,,,
Brian Armstrong,39,2800000000,,,,,,
Dannine Avara,58,7100000000,,,,,,
Patrick Drahi,58,6800000000,,,,,,
Scott Duncan,39,7100000000,,,,,,
Milane Frantz,52,7100000000,,,,,,
Andreas Halvorsen,61,6600000000,,,,,,
Law Kar Po,73,6600000000,,,,,,
Nicolas Puech,79,6300000000,,,,,,
Viktor Rashnikov,73,10900000000,,,,,,
Dmitry Rybolovlev,55,6600000000,,,,,,
Randa Duncan Williams,60,7100000000,,,,,,
Chen Jianhua,51,6400000000,,,,,,
John Grayken,66,6500000000,,,,,,
Ray Lee Hunt,79,6900000000,,,,,,
Philippe Laffont,54,6500000000,,,,,,
"Henry Nicholas, III.",62,6500000000,,,,,,
Axel Oberwelland & siblings,55,6400000000,,,,,,
Cliff Obrecht,36,6500000000,,,,,,
John Overdeck,52,6500000000,,,,,,
Melanie Perkins,35,6500000000,,,,,,
Ruan Hongliang & family,61,5200000000,,,,,,
David Siegel,60,6500000000,,,,,,
David Velez,40,3800000000,,,,,,
Juergen Blickle,75,6200000000,,,,,,
Cheng Xue,52,5500000000,,,,,,
Jack Dangermond,76,5900000000,,,,,,
Jiang Weiping & family,67,6900000000,,,,,,
Takahisa Takahara,60,6500000000,,,,,,
Orlando Bravo,51,6300000000,,,,,,
Hong Ra-hee,76,6200000000,,,,,,
"Edward Johnson, IV.",57,6200000000,,,,,,
Li Xiaohua & family,60,5900000000,,,,,,
Sri Prakash Lohia,69,6700000000,,,,,,
Miao Hangen,57,5800000000,,,,,,
Bobby Murphy,33,3200000000,,,,,,
Wu Jianshu,58,6100000000,,,,,,
Maria Asuncion Aramburuzabala & family,59,6200000000,,,,,,
Melinda French Gates,57,5800000000,,,,,,
Bruce Kovner,77,6200000000,,,,,,
Pham Nhat Vuong,53,6100000000,,,,,,
Michal Solowow,59,6400000000,,,,,,
Leonard Stern,84,6200000000,,,,,,
Stef Wertheimer & family,95,6200000000,,,,,,
Rocco Commisso,72,5400000000,,,,,,
Jack Dorsey,45,5300000000,,,,,,
Lin Li,59,5200000000,,,,,,
George Lucas,78,5500000000,,,,,,
Evan Spiegel,31,3300000000,,,,,,
Zhao Yan,55,7200000000,,,,,,
Tom Gores,57,6000000000,,,,,,
Leo Koguan,67,5600000000,,,,,,
Alexei Kuzmichev,59,6600000000,,,,,,
Fredrik Lundberg,70,6000000000,,,,,,
John Morris,74,5400000000,,,,,,
Ivar Tollefsen,60,5700000000,,,,,,
Stephen Bisciotti,62,5800000000,,,,,,
Mahendra Choksi & family,81,5700000000,,,,,,
Jian Jun,58,6600000000,,,,,,
Barry Lam,73,5300000000,,,,,,
Michael Moritz,67,5300000000,,,,,,
Teh Hong Piow,92,5800000000,,,,,,
Gary Wang,28,5800000000,,,,,,
Andre Esteves,53,6200000000,,,,,,
Joshua Harris,57,5600000000,,,,,,
Rakesh Jhunjhunwala,61,5600000000,,,,,,
Ken Langone,86,5800000000,,,,,,
Ludwig Merckle,57,5600000000,,,,,,
Sandra Ortega Mera,53,5900000000,,,,,,
Terrence Pegula,71,5800000000,,,,,,
Karen Pritzker,64,5700000000,,,,,,
Mitchell Rales,65,5700000000,,,,,,
Wolfgang Reimann,69,5800000000,,,,,,
Matthias Reimann-Andersen,57,5800000000,,,,,,
Stefan Reimann-Andersen,58,5800000000,,,,,,
Renate Reimann-Haas,70,5800000000,,,,,,
Ruan Liping,58,6000000000,,,,,,
Ruan Xueping,50,6000000000,,,,,,
Charles Simonyi,73,5700000000,,,,,,
John A. Sobrato & family,83,5500000000,,,,,,
David Steward,70,5800000000,,,,,,
Radovan Vitek,51,5700000000,,,,,,
Les Wexner & family,84,5700000000,,,,,,
Sam Zell,80,5900000000,,,,,,
Anthony Bamford & family,76,5300000000,,,,,,
Clive Calder,75,5700000000,,,,,,
Frits Goldschmeding,88,5400000000,,,,,,
Ananda Krishnan,84,5100000000,,,,,,
Joe Mansueto,65,5400000000,,,,,,
Odd Reitan & family,70,5400000000,,,,,,
Antony Ressler,60,5600000000,,,,,,
Tang Xiao'ou,54,4900000000,,,,,,
Tse Ping,70,5600000000,,,,,,
Ken Xie,59,5900000000,,,,,,
Tilman Fertitta,64,5700000000,,,,,,
Prajogo Pangestu,78,5500000000,,,,,,
"Edward Roski, Jr.",83,5100000000,,,,,,
Teddy Sagi,50,5500000000,,,,,,
Thomas Straumann,58,4700000000,,,,,,
David Sun,70,5300000000,,,,,,
John Tu,80,5300000000,,,,,,
Erich Wesjohann & family,76,5500000000,,,,,,
Xu Jinfu,58,4300000000,,,,,,
Alexander Abramov,63,6600000000,,,,,,
Neil Bluhm,84,5200000000,,,,,,
Don Hankey,78,5500000000,,,,,,
Jane Lauder,49,5200000000,,,,,,
Gwendolyn Sontheim Meyer,60,5700000000,,,,,,
John Reece,65,5300000000,,,,,,
Eric Smidt,62,5100000000,,,,,,
Viktor Vekselberg,65,5200000000,,,,,,
Ronald Wanek,81,5400000000,,,,,,
Rene Benko,45,5300000000,,,,,,
John Brown,87,5000000000,,,,,,
Chen Zhiping,46,5000000000,,,,,,
Andrew Currie,66,5300000000,,,,,,
Jim Davis & family,79,5200000000,,,,,,
Charles Dolan & family,95,5300000000,,,,,,
Tom Golisano,80,5400000000,,,,,,
Hui Wing Mau,71,5400000000,,,,,,
Daniel Kretinsky,46,5200000000,,,,,,
Massimiliana Landini Aleotti & family,79,5500000000,,,,,,
Joe Lewis,85,5400000000,,,,,,
Li Chunan,53,5100000000,,,,,,
Lin Muqin & family,58,4700000000,,,,,,
Shigenobu Nagamori,77,4900000000,,,,,,
Kjell Inge Rokke,63,5900000000,,,,,,
Wang Wenjing,57,3900000000,,,,,,
Chris Xu,38,5400000000,,,,,,
Samuel Yin,71,5200000000,,,,,,
M.A. Yusuff Ali,66,5000000000,,,,,,
Denise Coates,54,5200000000,,,,,,
Ken Fisher,71,5200000000,,,,,,
Peter Grogg,80,3700000000,,,,,,
Dietmar Hopp & family,82,5400000000,,,,,,
Sumet Jiaravanon,87,5000000000,,,,,,
Nathan Kirsh,90,5300000000,,,,,,
Forrest Li,44,4600000000,,,,,,
Rudolf Maag,76,4700000000,,,,,,
Gary Rollins,77,5500000000,,,,,,
Ugur Sahin,56,6300000000,,,,,,
Mark Scheinberg,48,5300000000,,,,,,
Shen Guojun,59,5300000000,,,,,,
Chip Wilson,65,5200000000,,,,,,
Zhang Yong,51,5900000000,,,,,,
James Chambers,65,4900000000,,,,,,
Chen Fashu,61,4800000000,,,,,,
Jaran Chiaravanont,92,4900000000,,,,,,
Ravi Jaipuria,67,6000000000,,,,,,
Koon Poh Keong,61,4200000000,,,,,,
Li Liangbin,54,4600000000,,,,,,
Liang Feng,53,5100000000,,,,,,
Wolfgang Marguerre & family,80,5100000000,,,,,,
Katharine Rayner,77,4900000000,,,,,,
Carlos Rodriguez-Pastor,63,4500000000,,,,,,
Margaretta Taylor,80,4900000000,,,,,,
You Xiaoping,64,4500000000,,,,,,
Eric Yuan & family,52,5600000000,,,,,,
Robert Bass,74,5200000000,,,,,,
Alexandre Behring,55,5000000000,,,,,,
Chan Laiwa & family,81,5000000000,,,,,,
Jeff Greene,67,5100000000,,,,,,
Montri Jiaravanont,91,4900000000,,,,,,
Charles B. Johnson,89,5100000000,,,,,,
Elizabeth Johnson,59,5100000000,,,,,,
Lin Bin,54,4600000000,,,,,,
Hiroshi Mikitani,57,3900000000,,,,,,
Isaac Perlmutter,79,4600000000,,,,,,
Michael Pieper,76,4400000000,,,,,,
Issad Rebrab & family,78,5100000000,,,,,,
Tsai Hong-tu,69,4600000000,,,,,,
Richard Tsai,64,4600000000,,,,,,
Wang Junshi & family,73,4900000000,,,,,,
Wang Yanqing & family,56,4200000000,,,,,,
Shari Arison,64,4600000000,,,,,,
Alain Bouchard,73,5900000000,,,,,,
"Austen Cargill, II.",71,5200000000,,,,,,
"James Cargill, II.",73,5200000000,,,,,,
Ben Chestnut,47,5000000000,,,,,,
Wei Fang,48,4200000000,,,,,,
Leonid Fedun,66,7500000000,,,,,,
Johann Graf,75,4900000000,,,,,,
Huang Chulong,63,4700000000,,,,,,
Huang Yi,60,6000000000,,,,,,
Vladimir Kim,61,5000000000,,,,,,
Dan Kurzius,50,5000000000,,,,,,
Ronald Lauder,78,5000000000,,,,,,
Marianne Liebmann,68,5200000000,,,,,,
Tobi Lutke,41,3600000000,,,,,,
Thomas Pritzker,71,4900000000,,,,,,
Scott Shleifer,44,5000000000,,,,,,
Autry Stephens,83,5000000000,,,,,,
Peter Thiel,54,4700000000,,,,,,
Tsai Cheng-ta,72,4500000000,,,,,,
Hansjoerg Wyss,87,5100000000,,,,,,
Xiao Yongming & family,57,4100000000,,,,,,
Zhang Tao,49,6700000000,,,,,,
Daniel Ziff,50,5000000000,,,,,,
Dirk Ziff,58,5000000000,,,,,,
Robert Ziff,55,5000000000,,,,,,
Mat Ishbia,42,4600000000,,,,,,
"Robert Rich, Jr.",81,4900000000,,,,,,
Thomas Schmidheiny,76,4900000000,,,,,,
Alexandra Schoerghuber & family,63,4400000000,,,,,,
Erik Selin,55,3600000000,,,,,,
Daniel Tsai,66,4400000000,,,,,,
Dona Bertarelli,54,4700000000,,,,,,
Andrei Guriev & family,62,10500000000,,,,,,
Luciano Hang,59,5200000000,,,,,,
Hu Baifan,59,3200000000,,,,,,
Bidzina Ivanishvili,66,4800000000,,,,,,
Leng Youbin,53,4500000000,,,,,,
Theo Mueller,82,4700000000,,,,,,
"Julian Robertson, Jr.",89,4800000000,,,,,,
Marc Rowan,59,4600000000,,,,,,
Emanuele (Lino) Saputo & family,85,4300000000,,,,,,
Jeff Skoll,57,4600000000,,,,,,
Frank Wang,41,4800000000,,,,,,
Wang Junlin,59,4600000000,,,,,,
Yang Shaopeng,64,4800000000,,,,,,
Maria Fernanda Amorim & family,87,4800000000,,,,,,
Leonid Boguslavsky,70,4000000000,,,,,,
Richard Branson,71,4500000000,,,,,,
Robert Brockman,81,4700000000,,,,,,
Pierre Chen,65,4500000000,,,,,,
Chu Mang Yee & family,62,4300000000,,,,,,
Scott Cook,69,4400000000,,,,,,
Mark Cuban,63,4700000000,,,,,,
Guenther Fielmann & family,82,4600000000,,,,,,
Martin Haefner,68,4700000000,,,,,,
Johnelle Hunt,90,4300000000,,,,,,
"Andre Koo, Sr.",55,4400000000,,,,,,
Lai Meisong,51,5500000000,,,,,,
Richard Li,55,4700000000,,,,,,
Mangal Prabhat Lodha,66,4300000000,,,,,,
Igor Olenicoff,79,4700000000,,,,,,
Mark Shoen,71,4300000000,,,,,,
Andrei Skoch & family,56,6500000000,,,,,,
Fred Smith,77,4800000000,,,,,,
Murat Ulker,63,4700000000,,,,,,
Yu Yong,61,4100000000,,,,,,
St√©phane Bancel,49,4800000000,,,,,,
Bubba Cathy,68,4700000000,,,,,,
Dan Cathy,69,4700000000,,,,,,
Trudy Cathy White,66,4700000000,,,,,,
Jason Chang,78,4700000000,,,,,,
Dagmar Dolby & family,80,4900000000,,,,,,
Bruce Flatt,57,4600000000,,,,,,
Masatoshi Ito,98,4300000000,,,,,,
Viatcheslav Kantor,68,11500000000,,,,,,
Min Kao & family,73,4400000000,,,,,,
Lin Xiucheng & family,66,3600000000,,,,,,
Sami Mnaymneh,60,4600000000,,,,,,
Tony Tamer,64,4600000000,,,,,,
Richard White,67,4000000000,,,,,,
Baoguo Zhu & family,60,4500000000,,,,,,
Michael Ashley,57,4700000000,,,,,,
Ron Baron,79,4400000000,,,,,,
Bert Beveridge,60,5000000000,,,,,,
Todd Boehly,48,4500000000,,,,,,
David Bonderman,79,4500000000,,,,,,
Guo Guangchang,55,4600000000,,,,,,
Daryl Katz,60,4400000000,,,,,,
Ted Lerner & family,96,4200000000,,,,,,
Falguni Nayar,59,4700000000,,,,,,
Trevor Rees-Jones,70,4500000000,,,,,,
J. Joe Ricketts & family,80,4000000000,,,,,,
Robert Rowling,68,4400000000,,,,,,
Mark Stevens,62,4100000000,,,,,,
Gustav Magnar Witzoe,29,4700000000,,,,,,
Xie Liangzhi & family,56,3600000000,,,,,,
Yeung Kin-man,58,4500000000,,,,,,
Andrej Babis,67,4400000000,,,,,,
Giuseppe De'Longhi & family,83,4100000000,,,,,,
Barry Diller,80,3900000000,,,,,,
Christian Haub,57,4300000000,,,,,,
Huang Li,58,3800000000,,,,,,
Marian Ilitch,89,4300000000,,,,,,
Suleiman Kerimov & family,56,15100000000,,,,,,
Edwin Leong,70,4400000000,,,,,,
Lu Yiwen,35,3400000000,,,,,,
N.R. Narayana Murthy,75,3700000000,,,,,,
N.R. Narayana Murthy,75,3700000000,,,,,,
Pyotr Aven,67,4600000000,,,,,,
Joesley Batista,50,4700000000,,,,,,
Wesley Batista,49,4700000000,,,,,,
Margot Birmingham Perot,88,4400000000,,,,,,
Rick Caruso,63,4300000000,,,,,,
Jim Davis,62,4100000000,,,,,,
Walter P.J. Droege,69,4000000000,,,,,,
Dan Friedkin,57,4300000000,,,,,,
Gao Dekang & family,70,4800000000,,,,,,
Antti Herlin,65,4000000000,,,,,,
W. Herbert Hunt,93,5100000000,,,,,,
Jason Jiang,49,4000000000,,,,,,
"Rupert Johnson, Jr.",81,4200000000,,,,,,
Vikram Lal & family,80,5100000000,,,,,,
Chris Larsen,61,3300000000,,,,,,
Richard Schulze,81,4000000000,,,,,,
Paul Singer,77,4300000000,,,,,,
Barry Sternlicht,61,4300000000,,,,,,
Su Hua,40,4800000000,,,,,,
Mark Walter,62,3900000000,,,,,,
Ty Warner,77,4200000000,,,,,,
Rinat Akhmetov,55,4400000000,,,,,,
Bernard Broermann,78,4000000000,,,,,,
Chung Mong-Koo,84,4400000000,,,,,,
Daniel D'Aniello,75,4100000000,,,,,,
Traudl Engelhorn & family,95,4200000000,,,,,,
Piero Ferrari,77,4100000000,,,,,,
Carlo Fidani,67,4200000000,,,,,,
Yakir Gabay,56,4000000000,,,,,,
Jaime Gilinski Bacal,64,4500000000,,,,,,
Bertil Hult,81,4200000000,,,,,,
Martha Ingram & family,86,4200000000,,,,,,
Lee Yin Yee,70,4200000000,,,,,,
Daniel Loeb,60,4200000000,,,,,,
Janice McNair,85,4200000000,,,,,,
Ajay Piramal,66,3800000000,,,,,,
Lynsi Snyder,40,4200000000,,,,,,
Peter Spuhler,62,4100000000,,,,,,
Kerry Stokes,81,3700000000,,,,,,
Jon Stryker,64,3900000000,,,,,,
Vincent Viola,66,3700000000,,,,,,
Romesh T. Wadhwani,74,4200000000,,,,,,
Juan Domingo Beckmann Legorreta & family,54,4200000000,,,,,,
Rafael Del Pino,63,3900000000,,,,,,
Sergey Dmitriev,56,4100000000,,,,,,
Senapathy Gopalakrishnan,67,3400000000,,,,,,
James Irving,94,4100000000,,,,,,
Lee Boo-jin,51,3900000000,,,,,,
Samuel Tak Lee,83,4000000000,,,,,,
Thai Lee,63,4100000000,,,,,,
Eric Lefkofsky,52,4100000000,,,,,,
Weiguo Li,57,4100000000,,,,,,
Ermirio Pereira de Moraes & family,90,4300000000,,,,,,
Maria Helena Moraes Scripilliti & family,91,4300000000,,,,,,
Thomas Secunda,67,4100000000,,,,,,
Shaul Shani,67,4100000000,,,,,,
E. Joe Shoen,72,3700000000,,,,,,
Steven Udvar-Hazy,76,4100000000,,,,,,
Russ Weiner,52,4100000000,,,,,,
Guanjiang Wu & family,53,3500000000,,,,,,
Anil Agarwal & family,68,2900000000,,,,,,
Somphote Ahunai,55,4100000000,,,,,,
Patrizio Bertelli,76,4700000000,,,,,,
Rakesh Gangwal,68,3900000000,,,,,,
Paul Gauselmann & family,87,3900000000,,,,,,
Hao Hong,66,3000000000,,,,,,
He Xiaopeng,44,4000000000,,,,,,
Michael Herz,78,4500000000,,,,,,
Wolfgang Herz,71,4500000000,,,,,,
Arthur Irving,92,4600000000,,,,,,
Victor Jacobsson,40,4000000000,,,,,,
Marc Ladreit de Lacharriere,81,3900000000,,,,,,
Patrick Lee,80,3700000000,,,,,,
Max Lytvyn,42,4000000000,,,,,,
Gilles Martin,58,4000000000,,,,,,
Ramzi Musallam,53,4000000000,,,,,,
Georg Nemetschek & family,88,3500000000,,,,,,
Akio Nitori,78,2900000000,,,,,,
Daniel Och,61,4000000000,,,,,,
Pankaj Patel,69,4000000000,,,,,,
John Paulson,66,4000000000,,,,,,
Miuccia Prada,73,4700000000,,,,,,
Jean (Gigi) Pritzker,59,3900000000,,,,,,
Juan Roig,72,3700000000,,,,,,
David Rubenstein,72,3900000000,,,,,,
Howard Schultz,68,3800000000,,,,,,
Alex Shevchenko,42,4000000000,,,,,,
Dan Snyder,57,4000000000,,,,,,
Jerzy Starak,74,4100000000,,,,,,
Kelcy Warren,66,4500000000,,,,,,
Herbert Wertheim,83,3900000000,,,,,,
Cameron Winklevoss,40,3700000000,,,,,,
Tyler Winklevoss,40,3700000000,,,,,,
Denise York & family,71,4000000000,,,,,,
Zhao Lixin,56,3100000000,,,,,,
Hubert Burda,82,3200000000,,,,,,
Francesco Gaetano Caltagirone,79,3800000000,,,,,,
Li Xiang,40,4500000000,,,,,,
"Stephen Mandel, Jr.",66,3900000000,,,,,,
Gabe Newell,59,3900000000,,,,,,
Maja Oeri,67,3700000000,,,,,,
Neil Shen,54,4200000000,,,,,,
Helmut Sohmen,82,4400000000,,,,,,
Donald Sterling,88,3900000000,,,,,,
Don Vultaggio & family,70,4200000000,,,,,,
Wu Yiling,72,3000000000,,,,,,
Gongshan Zhu,64,3700000000,,,,,,
Gayle Benson,75,3800000000,,,,,,
"William Conway, Jr.",72,3600000000,,,,,,
Gurbachan Singh Dhingra,72,3400000000,,,,,,
Kuldip Singh Dhingra,74,3400000000,,,,,,
Luca Garavoglia,53,3900000000,,,,,,
Jimmy Haslam,68,3900000000,,,,,,
Susan Carol Holland,66,3200000000,,,,,,
Timur Kulibaev,55,3700000000,,,,,,
Dinara Kulibaeva,54,3700000000,,,,,,
Michel Leclercq & family,83,3300000000,,,,,,
Pablo Legorreta,58,4000000000,,,,,,
Margarita Louis-Dreyfus & family,60,4000000000,,,,,,
Michael Milken,75,3800000000,,,,,,
Denis O'Brien,64,3900000000,,,,,,
Katharina Otto-Bernstein,58,3500000000,,,,,,
James Packer,54,3800000000,,,,,,
Sergio Stevanato & family,79,4000000000,,,,,,
Leena Tewari,64,3800000000,,,,,,
Yitzhak Tshuva,73,3900000000,,,,,,
Paul-Heinz Wesjohann & family,79,3700000000,,,,,,
Zeng Fangqin,56,3100000000,,,,,,
Zhou Bajin,87,3600000000,,,,,,
William Berkley,75,4100000000,,,,,,
John Catsimatidis,73,3700000000,,,,,,
Che Jianxing,55,2900000000,,,,,,
Gustavo Denegri,85,3500000000,,,,,,
Charles Edelstenne,84,3400000000,,,,,,
Reed Hastings,61,2700000000,,,,,,
"Amos Hostetter, Jr.",85,3700000000,,,,,,
Brad Jacobs,65,3300000000,,,,,,
Friedrich Knapp,71,3600000000,,,,,,
William Lauder,62,3600000000,,,,,,
Richard LeFrak & family,76,3600000000,,,,,,
Li Guoqiang,58,4400000000,,,,,,
Low Tuck Kwong,74,4700000000,,,,,,
Akira Mori & family,85,3300000000,,,,,,
Anthony Pritzker,61,3700000000,,,,,,
Ira Rennert,88,3700000000,,,,,,
"Bernard Saul, II.",90,3700000000,,,,,,
Shi Yonghong & family,53,4000000000,,,,,,
Song Chi-hyung,43,3600000000,,,,,,
Steven Spielberg,75,3700000000,,,,,,
Wong Luen Hei,60,3600000000,,,,,,
Danielle Bellon & family,82,3400000000,,,,,,
Byju Raveendran and Divya Gokulnath,40,3500000000,,,,,,
Cho Tak Wong,76,3600000000,,,,,,
Charles Cohen,70,3600000000,,,,,,
Kenneth Dart,67,4600000000,,,,,,
Martin Ebner,76,3600000000,,,,,,
David Filo,56,3600000000,,,,,,
Miguel Fluxa Rossello,83,3500000000,,,,,,
John Henry,72,3600000000,,,,,,
Hu Kaijun,60,3600000000,,,,,,
Peter Kellogg,79,3500000000,,,,,,
James Leprino,84,3700000000,,,,,,
Iskander Makhmudov,58,6800000000,,,,,,
Daniel Mate,58,3600000000,,,,,,
Aristotelis Mistakidis,60,3600000000,,,,,,
Arturo Moreno,75,3600000000,,,,,,
Nan Cunhui,58,2700000000,,,,,,
Julio Ponce Lerou,76,4200000000,,,,,,
J.B. Pritzker,57,3600000000,,,,,,
Chandru Raheja,81,3700000000,,,,,,
Rodger Riney & family,76,3600000000,,,,,,
Shi Yuzhu,59,3200000000,,,,,,
Zuowen Song,75,3200000000,,,,,,
Jerry Speyer,81,3600000000,,,,,,
Julia Thiele-Schuerhoff,50,3400000000,,,,,,
Tung Chee Chen,79,3600000000,,,,,,
Roger Wang,73,3500000000,,,,,,
Wu Shaoxun,66,3400000000,,,,,,
Wenzhong Zhang,60,3500000000,,,,,,
Chen Kaixuan,64,3300000000,,,,,,
Beatriz Davila de Santo Domingo,83,3500000000,,,,,,
Antonio Del Valle Ruiz & family,83,3700000000,,,,,,
Carl Douglas,61,3000000000,,,,,,
Eric Douglas,54,3000000000,,,,,,
Jiangtao Du & family,52,3000000000,,,,,,
Juan Carlos Escotet,62,3400000000,,,,,,
Fiona Geminder,57,3400000000,,,,,,
Yuhua Gu & family,72,3300000000,,,,,,
James Irsay,62,3500000000,,,,,,
Kuok Khoon Hong,72,3300000000,,,,,,
Aerin Lauder,52,3300000000,,,,,,
Lee Seo-hyun,48,3400000000,,,,,,
Li Yongxin & family,46,2700000000,,,,,,
Jeffrey Lurie,70,3500000000,,,,,,
Mary Alice Dorrance Malone,72,3800000000,,,,,,
Ronald McAulay,86,3500000000,,,,,,
Apoorva Mehta,35,2200000000,,,,,,
Arnon Milchan,77,3400000000,,,,,,
Masahiro Noda,83,3500000000,,,,,,
Renzo Rosso & family,66,3200000000,,,,,,
Lynn Schusterman,83,3500000000,,,,,,
Gil Shwed,53,3300000000,,,,,,
Thomas Siebel,69,3500000000,,,,,,
Herb Simon,87,3300000000,,,,,,
Friede Springer,79,3400000000,,,,,,
Wang Zhenhua,60,3300000000,,,,,,
Hans Peter Wild,80,3400000000,,,,,,
"William Wrigley, Jr.",58,3500000000,,,,,,
Xia Zuoquan,60,4300000000,,,,,,
Mohed Altrad,74,3300000000,,,,,,
Sid Bass,80,3700000000,,,,,,
Nick Caporella,86,4100000000,,,,,,
Cheng Yixiao,38,3800000000,,,,,,
Wesley Edens,60,4500000000,,,,,,
Behdad Eghbali,46,3400000000,,,,,,
Archie Aldis Emmerson & family,93,3300000000,,,,,,
Jose E. Feliciano,49,3400000000,,,,,,
Fu Liquan & family,54,3000000000,,,,,,
David Gottesman,96,3300000000,,,,,,
Laurence Graff & family,83,3400000000,,,,,,
Jeff T. Green,45,3200000000,,,,,,
Jim Kavanaugh,59,3400000000,,,,,,
Steven Klinsky,66,3400000000,,,,,,
John Middleton,67,3400000000,,,,,,
Jerry Ng,56,2000000000,,,,,,
Tengyun Nie & family,46,2800000000,,,,,,
Nandan Nilekani,66,2900000000,,,,,,
Bob Parsons,71,3400000000,,,,,,
Prasert Prasarttong-Osoth,89,3400000000,,,,,,
Qiu Guanghe & family,70,3000000000,,,,,,
Richard Sands,71,4100000000,,,,,,
Robert Sands,63,4100000000,,,,,,
T. Denny Sanford,86,3400000000,,,,,,
Naguib Sawiris,67,3400000000,,,,,,
Pavel Tykac,58,3500000000,,,,,,
Todd Wanek,58,3300000000,,,,,,
Meg Whitman,65,3200000000,,,,,,
Michael Xie,53,3500000000,,,,,,
Chenghai Ye & family,78,3400000000,,,,,,
An Kang,73,2500000000,,,,,,
John Arnold,48,3300000000,,,,,,
Arun Bharat Ram,81,3500000000,,,,,,
Tomasz Biernacki,49,3500000000,,,,,,
Travis Boersma,51,2700000000,,,,,,
Dongsheng Chen,64,3300000000,,,,,,
Jean Coutu & family,95,3200000000,,,,,,
Ralph Dommermuth,58,3300000000,,,,,,
Walter Faria,67,3500000000,,,,,,
Bob Gaglardi,81,3300000000,,,,,,
John Gandel,87,3300000000,,,,,,
Xuande Hua & family,78,2800000000,,,,,,
Micky Jagtiani,70,3300000000,,,,,,
H. Fisk Johnson,64,3400000000,,,,,,
S. Curtis Johnson,67,3400000000,,,,,,
Helen Johnson-Leipold,65,3400000000,,,,,,
Miguel Krigsner,72,3500000000,,,,,,
Li Jianquan & family,65,2700000000,,,,,,
Lin Ming-hsiung,72,3200000000,,,,,,
Winifred J. Marquart,63,3400000000,,,,,,
Kiran Mazumdar-Shaw,69,3200000000,,,,,,
Patrice Motsepe,60,3100000000,,,,,,
Alfred Oetker,55,3200000000,,,,,,
Carl Ferdinand Oetker,49,3200000000,,,,,,
Julia Oetker,43,3200000000,,,,,,
Or Wai Sheun,71,3300000000,,,,,,
Jay Paul,74,3000000000,,,,,,
Horst Paulmann & family,87,2900000000,,,,,,
Theodore Rachmat,78,3300000000,,,,,,
John Sall,74,3100000000,,,,,,
Stefan von Holtzbrinck,59,2900000000,,,,,,
Nusli Wadia,78,3600000000,,,,,,
Steve Wynn,80,3300000000,,,,,,
Yang Weidong & family,53,2800000000,,,,,,
Barry Zekelman,55,3300000000,,,,,,
Zhang Shilong & family,56,2700000000,,,,,,
Zhong Ruonong & family,59,2300000000,,,,,,
Cameron Adams,42,3200000000,,,,,,
Dongchen Cai,69,3000000000,,,,,,
Vanich Chaiyawan,90,3100000000,,,,,,
James Clark,78,3000000000,,,,,,
Jack Cowin,79,2900000000,,,,,,
Giuseppe Crippa & family,87,3900000000,,,,,,
Sergei Galitsky,54,3300000000,,,,,,
Peter Gilgan,71,2900000000,,,,,,
Joseph Grendys,60,3300000000,,,,,,
Thomas Hagen,86,3100000000,,,,,,
"Robert Hale, Jr.",55,3200000000,,,,,,
Michael Hintze,68,3200000000,,,,,,
Pansy Ho,59,3100000000,,,,,,
Alan Howard,58,3200000000,,,,,,
Kei Hoi Pang,56,3400000000,,,,,,
Rudy Ma,81,3000000000,,,,,,
Najib Mikati,66,3000000000,,,,,,
Taha Mikati,77,3000000000,,,,,,
Gail Miller,78,4000000000,,,,,,
Vikas Oberoi,51,2800000000,,,,,,
"H. Ross Perot, Jr.",63,3200000000,,,,,,
Candido Pinheiro Koren de Lima,75,2000000000,,,,,,
Matthew Prince,47,2000000000,,,,,,
Penny Pritzker,63,3200000000,,,,,,
Yasumitsu Shigeta,57,3100000000,,,,,,
Sebastian Siemiatkowski,40,3200000000,,,,,,
Barry Silbert,46,3200000000,,,,,,
Daniel Sundheim,45,3200000000,,,,,,
Rita Tong Liu,73,3200000000,,,,,,
Tran Dinh Long,61,2300000000,,,,,,
Zhang Daocai,72,3200000000,,,,,,
John Caudwell,69,3000000000,,,,,,
Walter Frey,78,3000000000,,,,,,
Alessandra Garavoglia,62,3200000000,,,,,,
Peter Gassner,57,3000000000,,,,,,
Mitchell Goldhar,60,3000000000,,,,,,
Otto Happel,74,3000000000,,,,,,
Peter Hargreaves,75,2700000000,,,,,,
Bom Kim,43,2300000000,,,,,,
Gaiteng Li,50,4100000000,,,,,,
Liufa Li & family,65,2900000000,,,,,,
Lu Weiding,51,3000000000,,,,,,
Harsh Mariwala,71,3100000000,,,,,,
Samir Mehta,58,3100000000,,,,,,
Sudhir Mehta,68,3100000000,,,,,,
Pawan Munjal & family,68,3500000000,,,,,,
Nguyen Thi Phuong Thao,51,2900000000,,,,,,
Madhukar Parekh,75,2900000000,,,,,,
Sergei Popov,50,3100000000,,,,,,
Haim Saban,77,3100000000,,,,,,
Karthik Sarma,47,3100000000,,,,,,
Klaus-Peter Schulenberg,70,3100000000,,,,,,
Pat Stryker,66,2900000000,,,,,,
Jeff Sutton,62,3100000000,,,,,,
Jon Yarbrough,65,3100000000,,,,,,
Gang Ye,42,2700000000,,,,,,
Yi Zheng,51,2600000000,,,,,,
Zhang Fan,56,2200000000,,,,,,
William Ackman,56,2900000000,,,,,,
Markus Blocher,51,3200000000,,,,,,
Neal Blue & family,87,3000000000,,,,,,
Eva Maria Bucher-Haefner,65,3000000000,,,,,,
Chang Kuo-Hua,67,2700000000,,,,,,
Todd Christopher,59,3000000000,,,,,,
Euisun Chung,51,3500000000,,,,,,
Bernard Ecclestone & family,91,3000000000,,,,,,
Michael Federmann & family,78,3000000000,,,,,,
Gudrun Heine,67,3000000000,,,,,,
Heidi Horten,81,2900000000,,,,,,
Dawen Huang,61,2200000000,,,,,,
Sheldon Lavin,89,3000000000,,,,,,
Li Min,56,2200000000,,,,,,
Liang Yunchao,53,2500000000,,,,,,
Joseph Liemandt,53,3000000000,,,,,,
Strive Masiyiwa,61,2500000000,,,,,,
Masahiro Miki,66,3000000000,,,,,,
Karsanbhai Patel,78,2800000000,,,,,,
Arvind Poddar,64,3400000000,,,,,,
Remo Ruffini,60,2800000000,,,,,,
Eddy Kusnadi Sariaatmadja,68,2600000000,,,,,,
Sybill Storz,85,3000000000,,,,,,
Lawrence Stroll,62,2900000000,,,,,,
Michael Tojner,56,2800000000,,,,,,
Donald Trump,75,3000000000,,,,,,
Tsai Ming-kai,72,2800000000,,,,,,
John Tyson,68,3000000000,,,,,,
Rufino Vigil Gonzalez,74,3100000000,,,,,,
Ning Wang & family,35,2800000000,,,,,,
Wang Yusuo & family,58,4600000000,,,,,,
Zhigang Wu & family,87,2700000000,,,,,,
Xie Juhua & family,71,2400000000,,,,,,
Oren Zeev,57,3000000000,,,,,,
Charles Zegar,74,3000000000,,,,,,
Zhang Lei,49,3000000000,,,,,,
Zhang Xin & Pan Shiyi,56,2800000000,,,,,,
Mortimer Zuckerman,84,2900000000,,,,,,
Juan Abello,80,2800000000,,,,,,
John Armitage,62,2900000000,,,,,,
Bang Si-hyuk,49,2300000000,,,,,,
Miriam Baumann-Blocher,47,2800000000,,,,,,
Riley Bechtel & family,70,2900000000,,,,,,
Wilhelm Beier & family,66,2500000000,,,,,,
Nicolas Berggruen,60,2900000000,,,,,,
Bui Thanh Nhon,64,2900000000,,,,,,
Cao Longxiang & family,64,2600000000,,,,,,
Deng Wen,54,2900000000,,,,,,
Daniel Dines,50,1900000000,,,,,,
Joseph Edelman,66,2900000000,,,,,,
N. Murray Edwards,62,3000000000,,,,,,
Jane Goldman,66,2900000000,,,,,,
Guo Zhenyu & family,58,3200000000,,,,,,
Stewart Horejsi & family,84,2800000000,,,,,,
Zhenda Huang & family,74,2800000000,,,,,,
"Jeremy Jacobs, Sr. & family",82,2900000000,,,,,,
Hamilton James,70,2900000000,,,,,,
Valentin Kipyatkov,45,2900000000,,,,,,
Li Zhongchu,58,2500000000,,,,,,
Martin Lorentzon,53,2600000000,,,,,,
"Drayton McLane, Jr.",85,2800000000,,,,,,
Roger Penske,85,2900000000,,,,,,
Olivier Pomel,45,2400000000,,,,,,
Jean Salata,56,5400000000,,,,,,
Arnout Schuijff,54,2600000000,,,,,,
Shen Hua & family,59,2800000000,,,,,,
Martua Sitorus,62,2700000000,,,,,,
Zygmunt Solorz-Zak,65,2500000000,,,,,,
Warren Stephens,65,2900000000,,,,,,
Tang Jinkui & family,66,2600000000,,,,,,
Alan Trefler,66,2000000000,,,,,,
Masateru Uno & family,75,2100000000,,,,,,
Frank VanderSloot,73,3000000000,,,,,,
Guangming Wu,60,2300000000,,,,,,
Kai Wu,54,2400000000,,,,,,
Ye Fan & family,51,2800000000,,,,,,
Yoo Jung-hyun,53,3200000000,,,,,,
Fenggang Zhao,56,2400000000,,,,,,
Zheng Xiaodong,58,2100000000,,,,,,
Zhou Jianping,62,2600000000,,,,,,
Jose Joao Abdalla Filho,77,3200000000,,,,,,
Brian Acton,50,2800000000,,,,,,
Bill Alfond,74,2700000000,,,,,,
Susan Alfond,76,2700000000,,,,,,
Ted Alfond,77,2700000000,,,,,,
Felix Baker,53,2800000000,,,,,,
Julian Baker,56,2800000000,,,,,,
Maurizio Billi,64,3000000000,,,,,,
Otto Philipp Braun,44,2800000000,,,,,,
Garrett Camp,43,2200000000,,,,,,
Cao Ji,70,2600000000,,,,,,
Hua Chen,56,2600000000,,,,,,
John Paul DeJoria,78,2800000000,,,,,,
Beda Diethelm,81,2600000000,,,,,,
K. Dinesh,67,2400000000,,,,,,
Bennett Dorrance,76,3000000000,,,,,,
Marcel Erni,57,2600000000,,,,,,
Abhay Firodia,77,2600000000,,,,,,
Alfred Gantner,54,2600000000,,,,,,
Amy Goldman Fowler,68,2800000000,,,,,,
J. Tomilson Hill,74,2800000000,,,,,,
Hong Jie,54,3500000000,,,,,,
James Jannard,72,2800000000,,,,,,
Travis Kalanick,45,2800000000,,,,,,
Diane Kemper,76,2800000000,,,,,,
George Kurtz,51,2400000000,,,,,,
Kwek Leng Beng,81,2400000000,,,,,,
Geoffrey Kwok,37,2900000000,,,,,,
Maritsa Lazari & family,77,2700000000,,,,,,
Alexis L√™-Qu√¥c,47,2300000000,,,,,,
Angela Leong,61,2700000000,,,,,,
Lin Chen-hai,75,2800000000,,,,,,
Sergio Mantegazza,94,2800000000,,,,,,
Hans Melchers,84,2600000000,,,,,,
Tom Morris,67,2500000000,,,,,,
Eugene Murtagh,79,2300000000,,,,,,
Philip Niarchos,68,2800000000,,,,,,
Pan Dong,57,3600000000,,,,,,
Sean Parker,42,2800000000,,,,,,
Richard Peery,83,2700000000,,,,,,
Gregorio Perez Companc & family,86,2700000000,,,,,,
Sebastian Pi√±era & family,72,2700000000,,,,,,
Nicholas Pritzker,78,2800000000,,,,,,
Jeff Rothschild,67,2800000000,,,,,,
Steven Sarowitz,56,2600000000,,,,,,
Isabella Ser√†gnoli,76,2700000000,,,,,,
Stephen Smith,71,2700000000,,,,,,
William Stone,67,2400000000,,,,,,
Sun Hongbin,59,2500000000,,,,,,
Sun Shoukuan,72,2600000000,,,,,,
"Henry Sy, Jr.",69,2700000000,,,,,,
Andrew Tan,70,2400000000,,,,,,
Kenneth Tuchman,62,2500000000,,,,,,
Tung Chee Hwa,84,2800000000,,,,,,
Bulat Utemuratov,64,2800000000,,,,,,
Xicheng Wang & family,73,2600000000,,,,,,
Urs Wietlisbach,60,2600000000,,,,,,
Wong Man Li,57,2700000000,,,,,,
Xie Weitong,65,2700000000,,,,,,
Xu Chuanhua & family,87,2400000000,,,,,,
Ye Xiaoping,59,2400000000,,,,,,
Weiguo Zhao,55,2300000000,,,,,,
Ben Ashkenazy,52,2600000000,,,,,,
Bill Austin,80,2700000000,,,,,,
Pavel Baudis,62,2100000000,,,,,,
Yvonne Bauer,45,2600000000,,,,,,
Giuliana Benetton,84,3200000000,,,,,,
Luciano Benetton,87,3200000000,,,,,,
Aneel Bhusri,56,2100000000,,,,,,
George Bishop,84,2700000000,,,,,,
Vivek Chand Burman,85,2600000000,,,,,,
Morris Chang,90,2500000000,,,,,,
Jinxia Chen,54,2500000000,,,,,,
Cho Jung-ho,63,2800000000,,,,,,
Jack Cockwell,81,2700000000,,,,,,
"Edward DeBartolo, Jr.",75,2500000000,,,,,,
Abilio dos Santos Diniz,85,2900000000,,,,,,
"John Dorrance, III.",78,2700000000,,,,,,
Hailiang Feng,61,2500000000,,,,,,
Xingjiang Gao,58,2500000000,,,,,,
Carlos Hank Rhon,74,2700000000,,,,,,
Vivek Jain,66,2800000000,,,,,,
Brad Kelley,65,2700000000,,,,,,
Alicia Koplowitz,68,2700000000,,,,,,
Li Li,56,2800000000,,,,,,
C. Dean Metropoulos,76,2700000000,,,,,,
Dan Olsson,75,2700000000,,,,,,
Tor Peterson,57,2700000000,,,,,,
John Pritzker,68,2700000000,,,,,,
Hussain Sajwani,69,2700000000,,,,,,
Tseng Cheng,60,2400000000,,,,,,
Jerry Yang,53,2700000000,,,,,,
Takao Yasuda,73,2700000000,,,,,,
Yu Qibing & family,56,2200000000,,,,,,
Zhang Xuezheng,47,1500000000,,,,,,
Isak Andic & family,68,2400000000,,,,,,
Harindarpal Banga,71,2600000000,,,,,,
Anne Beaufour,58,2400000000,,,,,,
Henri Beaufour,57,2400000000,,,,,,
Sanjeev Bikhchandani,58,2200000000,,,,,,
Norman Braman,89,2600000000,,,,,,
J. Hyatt Brown,84,2400000000,,,,,,
Chen Lip Keong,74,2800000000,,,,,,
Jim Coulter,62,2600000000,,,,,,
Federico De Nora,54,2500000000,,,,,,
Dong Wei,51,2100000000,,,,,,
Sandeep Engineer,61,2300000000,,,,,,
Alceu Elias Feldmann,72,2700000000,,,,,,
"Frank Fertitta, III.",60,2500000000,,,,,,
Lorenzo Fertitta,53,2500000000,,,,,,
Doris Fisher,90,2400000000,,,,,,
Alec Gores,69,2500000000,,,,,,
Rajinder Gupta,63,2200000000,,,,,,
Igor Kesaev,55,3400000000,,,,,,
Raj Kumar & Kishin RK,68,2600000000,,,,,,
Li Hongxin & family,69,2500000000,,,,,,
Lu Zhongfang,79,2000000000,,,,,,
Nirmal Minda,64,2300000000,,,,,,
Farhad Moshiri,67,3000000000,,,,,,
Hans Georg Naeder,60,2500000000,,,,,,
Eren Ozmen,63,2600000000,,,,,,
Ronald Perelman,79,2600000000,,,,,,
Ravi Pillai,68,2500000000,,,,,,
Daniel Pritzker,62,2600000000,,,,,,
Matthias Reinhart,62,2400000000,,,,,,
Alejandro Santo Domingo,45,2500000000,,,,,,
Vivek Chaand Sehgal,65,2600000000,,,,,,
Kavitark Ram Shriram,65,2500000000,,,,,,
Hans Sy,66,2500000000,,,,,,
Herbert Sy,65,2500000000,,,,,,
Tahir & family,70,2400000000,,,,,,
Wang Linpeng,54,2500000000,,,,,,
David Wertheim,64,2500000000,,,,,,
Oprah Winfrey,68,2600000000,,,,,,
Xingming Zhu,55,2500000000,,,,,,
Suhail Bahwan,83,2500000000,,,,,,
David Baszucki,59,1900000000,,,,,,
Thor Bjorgolfsson,55,2500000000,,,,,,
Charles Bronfman,90,2500000000,,,,,,
Chen Tei-fu,74,2500000000,,,,,,
Chuchat Petaumpai & Daonapa Petampai,69,2300000000,,,,,,
Leon G. Cooperman,79,2500000000,,,,,,
Smita Crishna-Godrej,71,2500000000,,,,,,
Jacques D'Amours,65,2900000000,,,,,,
Maria Del Pino,66,2400000000,,,,,,
Gerald Ford,77,2500000000,,,,,,
Adi Godrej,80,2500000000,,,,,,
Jamshyd Godrej,73,2500000000,,,,,,
Nadir Godrej,71,2500000000,,,,,,
Sanjiv Goenka,61,2400000000,,,,,,
Stein Erik Hagen,65,2400000000,,,,,,
Donald Horton & family,72,2400000000,,,,,,
Hu Yangzhong,57,1800000000,,,,,,
Baba Kalyani,73,2600000000,,,,,,
Stephen Lansdown,69,2400000000,,,,,,
Mark Leonard & family,66,2400000000,,,,,,
William Li,47,2700000000,,,,,,
K.C. Liu,68,2400000000,,,,,,
Liu Xiaodong,54,2200000000,,,,,,
Aloke Lohia,63,2700000000,,,,,,
Mohamed Mansour,74,2500000000,,,,,,
Kishore Mariwala,87,2500000000,,,,,,
Jed McCaleb,47,2200000000,,,,,,
Enhua Mi,64,2400000000,,,,,,
Willy Michel,75,2200000000,,,,,,
Lachhman Das Mittal,91,2400000000,,,,,,
Ravi Modi,45,3000000000,,,,,,
Charles Munger,98,2400000000,,,,,,
Rishad Naoroji,70,2500000000,,,,,,
Yongpei Ni & family,70,2100000000,,,,,,
Fatih Ozmen,64,2500000000,,,,,,
Qiu Minxiu,76,2000000000,,,,,,
Stewart Rahr,76,2500000000,,,,,,
Prathap Reddy,90,2000000000,,,,,,
Chad Richison,51,2300000000,,,,,,
Suh Kyung-bae,59,2400000000,,,,,,
Glen Taylor,81,2400000000,,,,,,
Nadia Thiele,46,2400000000,,,,,,
Wang Minwen,58,2000000000,,,,,,
Huijiao Yu,56,2500000000,,,,,,
Zhang Ning & family,48,1700000000,,,,,,
Zhao Tao,56,2200000000,,,,,,
Hongyi Zhou,51,2100000000,,,,,,
Rajendra Agarwal,63,2300000000,,,,,,
George Argyros & family,85,2300000000,,,,,,
Edward Bass,76,2500000000,,,,,,
Banwari Lal Bawri,69,2300000000,,,,,,
Girdhari Lal Bawri,74,2300000000,,,,,,
Chao Teng-hsiung,77,2300000000,,,,,,
Zhisong Chen,56,2200000000,,,,,,
Chey Tae-won,61,2400000000,,,,,,
Choo Chong Ngen,69,2400000000,,,,,,
John Coates,52,2300000000,,,,,,
Alexandra Daitch,59,2500000000,,,,,,
Chetan Dube,56,2400000000,,,,,,
Daniel Ek,39,2200000000,,,,,,
John Fisher,61,2300000000,,,,,,
Bernard Fraisse & family,65,2400000000,,,,,,
William Franke,85,2400000000,,,,,,
Caroline Hagen Kjos,38,2200000000,,,,,,
Lam Kong,57,2200000000,,,,,,
Hans Langer,70,2300000000,,,,,,
Joe Lau,32,2400000000,,,,,,
Kevin David Lehmann,19,2300000000,,,,,,
Liang Qin & family,50,2100000000,,,,,,
Peter Lim,69,2400000000,,,,,,
Sarah MacMillan,68,2500000000,,,,,,
Kalanithi Maran,56,2300000000,,,,,,
Lirio Parisotto,68,2500000000,,,,,,
Rajan Raheja & family,68,2200000000,,,,,,
Alberto Roemmers,95,2400000000,,,,,,
Rodney Sacks,72,2800000000,,,,,,
Ferit Faik Sahenk,58,2300000000,,,,,,
Hilton Schlosberg,69,2900000000,,,,,,
Alberto Siccardi & family,78,2300000000,,,,,,
Salil Singhal,74,2500000000,,,,,,
Lucy Stitzer,62,2500000000,,,,,,
Otto Toto Sugiri,68,1900000000,,,,,,
Harley Sy,63,2300000000,,,,,,
Teresita Sy-Coson,71,2200000000,,,,,,
Katsumi Tada,76,2400000000,,,,,,
Tang Yiu,88,2400000000,,,,,,
Jeff Tangney,49,1800000000,,,,,,
Lottie Tham & family,73,2300000000,,,,,,
T.Y. Tsai,69,2300000000,,,,,,
Timur Turlov,34,1900000000,,,,,,
Hamdi Ulukaya,49,2500000000,,,,,,
Peter Unger,77,2400000000,,,,,,
Nikil Viswanathan,34,2400000000,,,,,,
Anthony Wood,56,2100000000,,,,,,
Zhang Hongwei,67,3200000000,,,,,,
Zhang Li,69,2400000000,,,,,,
Houshan Bai,58,1600000000,,,,,,
Alex Beard,54,2300000000,,,,,,
Koos Bekker,69,2200000000,,,,,,
William Boyd & family,90,2100000000,,,,,,
Timothy Boyle,72,2100000000,,,,,,
Anand Burman,70,2200000000,,,,,,
Richard Chandler,63,2300000000,,,,,,
R.G. Chandramogan,73,1900000000,,,,,,
Cho Young-sik,60,2100000000,,,,,,
Chu Lam Yiu,52,2400000000,,,,,,
Kommer Damen,78,2100000000,,,,,,
Henry Davis,71,2300000000,,,,,,
Ray Davis,80,2500000000,,,,,,
Stephen Feinberg,62,2300000000,,,,,,
Kenneth Feld & family,73,2300000000,,,,,,
Alexander Frolov,58,2700000000,,,,,,
Mario Germano Giuliani,50,2400000000,,,,,,
Serge Godin,72,2400000000,,,,,,
Noam Gottesman,61,2300000000,,,,,,
Philip & Cristina Green,70,2200000000,,,,,,
Yusuf Hamied,85,2100000000,,,,,,
Bill Haslam,63,2400000000,,,,,,
Hans-Werner Hector,82,2200000000,,,,,,
Ho Hung Anh,51,2100000000,,,,,,
Douglas Hsu,79,2300000000,,,,,,
Erman Ilicak,54,2300000000,,,,,,
Zhaobai Jiang,58,1700000000,,,,,,
Osman Kibar,51,2300000000,,,,,,
Adam Kwok,39,2400000000,,,,,,
Frank Laukien,62,2300000000,,,,,,
Louis Le Duff,75,2300000000,,,,,,
Solomon Lew,77,2000000000,,,,,,
Liang Rubo,39,2300000000,,,,,,
Liang Zhaoxian,57,2200000000,,,,,,
Prayudh Mahagitsiri,76,2100000000,,,,,,
Clayton Mathile,81,2300000000,,,,,,
Erwin Franz Mueller,89,2200000000,,,,,,
David Murdock,99,2300000000,,,,,,
Rubens Ometto Silveira Mello,72,2400000000,,,,,,
Erik Paulsson & family,80,2000000000,,,,,,
Heloise Pratt,59,2300000000,,,,,,
Qiu Jianping & family,60,2200000000,,,,,,
Dirk Rossmann & family,75,4500000000,,,,,,
Stephan Schmidheiny,74,2300000000,,,,,,
Wenrong Shen,76,2100000000,,,,,,
Mengquan Sun & family,72,2200000000,,,,,,
Thomas Tull,51,2000000000,,,,,,
Ted Turner,83,2300000000,,,,,,
David Walentas,83,2300000000,,,,,,
Yingming Wu,55,1900000000,,,,,,
Yingzhuo Xu,54,2200000000,,,,,,
Christoph Zeller,65,2200000000,,,,,,
Zhang Wanzhen,72,2000000000,,,,,,
Xiaojuan Zhang,52,2200000000,,,,,,
Michael Ashcroft,76,2100000000,,,,,,
Alex Atallah,30,2200000000,,,,,,
Brett Blundy,62,2000000000,,,,,,
Chris Britt,49,2200000000,,,,,,
Cen Junda,57,908000000,,,,,,
Yadu Hari Dalmia & family,75,2100000000,,,,,,
Zhenggang Dou,69,2100000000,,,,,,
Weimin Du,58,1100000000,,,,,,
Devin Finzer,31,2200000000,,,,,,
Robert Friedland,71,2100000000,,,,,,
Phillip Frost,85,2200000000,,,,,,
Jeffrey Gundlach,63,2200000000,,,,,,
John Hancock,46,2200000000,,,,,,
Georg Haub,60,2200000000,,,,,,
Hortensia Herrero,72,2100000000,,,,,,
"B. Wayne Hughes, Jr.",61,2000000000,,,,,,
Bruce Karsh,66,2200000000,,,,,,
Shlomo Kramer,56,2200000000,,,,,,
Jonathan Kwok,30,2300000000,,,,,,
Christian Latouche,81,2200000000,,,,,,
Martin Lau,49,2200000000,,,,,,
Li Wa,56,2200000000,,,,,,
Liang Xinjun,54,2200000000,,,,,,
Lin Chang Su-O,81,2100000000,,,,,,
Lin Fanlian,61,2100000000,,,,,,
Lin Lairong & family,53,1800000000,,,,,,
Daniel Lubetzky,53,2200000000,,,,,,
Howard Marks,76,2200000000,,,,,,
Craig McCaw,72,2200000000,,,,,,
Vincent McMahon,76,2400000000,,,,,,
Mu Rongjun,42,2900000000,,,,,,
Jonathan Nelson,66,2200000000,,,,,,
Bianca Rinehart,45,2200000000,,,,,,
Ginia Rinehart,35,2200000000,,,,,,
Filiz Sahenk,55,2200000000,,,,,,
S.D. Shibulal,67,1900000000,,,,,,
Alexander Svetakov,54,3000000000,,,,,,
Jeffrey Talpins,47,2200000000,,,,,,
Ming Tian,68,1800000000,,,,,,
Arvind Tiku,52,2200000000,,,,,,
Torsten Toeller,56,2200000000,,,,,,
Riaz Valani,45,2200000000,,,,,,
Pieter van der Does,53,2000000000,,,,,,
Lang Walker,76,2000000000,,,,,,
Hope Welker,36,2200000000,,,,,,
Xie Bingkun & family,55,2600000000,,,,,,
William Young,81,2200000000,,,,,,
Zhou Jian,45,2300000000,,,,,,
Mohamed Al Fayed,93,2000000000,,,,,,
Faisal Bin Qassim Al Thani,74,2000000000,,,,,,
Masaaki Arai,56,2000000000,,,,,,
Tatyana Bakalchuk,46,4400000000,,,,,,
Lee Bass,66,2200000000,,,,,,
Alberto Bombassei,81,2300000000,,,,,,
Jim Breyer,60,2100000000,,,,,,
Ron Burkle,69,2300000000,,,,,,
Chen Huwen,51,2000000000,,,,,,
Chen Huxiong,51,1900000000,,,,,,
Chen Xuehua,61,2100000000,,,,,,
Bruce Cheng,86,1900000000,,,,,,
Ryan Cohen,36,2200000000,,,,,,
Dermot Desmond,71,2100000000,,,,,,
Fred Ehrsam,34,995600000,,,,,,
John Elkann,46,2200000000,,,,,,
Bob Ell,77,2100000000,,,,,,
Fang Xiaoliang & family,63,1000000000,,,,,,
Lindsay Fox,85,2100000000,,,,,,
Gary Friedman,64,1800000000,,,,,,
Gordon Getty,88,2100000000,,,,,,
Dennis Gillings,78,2100000000,,,,,,
Harsh Goenka,64,2000000000,,,,,,
David Hains,91,2000000000,,,,,,
Bahaa Hariri,56,2100000000,,,,,,
Shmuel Harlap,77,2100000000,,,,,,
Gerry Harvey,82,1800000000,,,,,,
Reid Hoffman,54,2100000000,,,,,,
Hou Juncheng,57,2300000000,,,,,,
Thomas James,80,2100000000,,,,,,
Eiichi Kuriwada,75,2000000000,,,,,,
Kwek Leng Kee,67,2100000000,,,,,,
Lai Shixian,47,1900000000,,,,,,
Lau Cho Kun,86,2100000000,,,,,,
Lee Hae-jin,54,1900000000,,,,,,
Harald Link,67,2100000000,,,,,,
Liu Xiucai & family,65,1700000000,,,,,,
Yangyong Luo & family,47,1600000000,,,,,,
Igor Makarov,60,2100000000,,,,,,
Alexander Mamut,62,2000000000,,,,,,
David Mindus,50,2000000000,,,,,,
Yuji Otsuka,68,2000000000,,,,,,
Clive Palmer,68,2100000000,,,,,,
Ajay Parekh,64,1900000000,,,,,,
Narendrakumar Parekh,84,2000000000,,,,,,
Xiangdong Qi,51,1600000000,,,,,,
Jianhua Ren,65,2100000000,,,,,,
Alice Schwartz,95,2400000000,,,,,,
Peter Sondakh,72,2000000000,,,,,,
Song Fei,55,1400000000,,,,,,
Timothy Springer,74,2000000000,,,,,,
Suyu Su & family,73,1800000000,,,,,,
Elizabeth Sy,70,2000000000,,,,,,
Sukanto Tanoto,72,2000000000,,,,,,
Jayshree Ullal,61,1800000000,,,,,,
Sunny Varkey,65,2100000000,,,,,,
Jitendra Virwani,56,2100000000,,,,,,
Wang Ren-sheng,90,2000000000,,,,,,
Wang Wenmo,65,1900000000,,,,,,
Thomas Wu,72,1900000000,,,,,,
Wu Ying,58,2400000000,,,,,,
Amy Wyss,51,2100000000,,,,,,
Xiang Guangming & family,58,1900000000,,,,,,
Xu Shugen,56,1900000000,,,,,,
Steven Meng Yang & family,40,1700000000,,,,,,
Clayton Zekelman,53,2100000000,,,,,,
Hongfei Zhao,48,2300000000,,,,,,
S. Daniel Abraham,97,2000000000,,,,,,
Aziz Akhannouch & family,61,2000000000,,,,,,
Andrey Andreev,48,2000000000,,,,,,
Ramon Ang,68,1900000000,,,,,,
Guilherme Benchimol,45,1600000000,,,,,,
Julio Bozano,86,2000000000,,,,,,
Ryan Breslow,28,2000000000,,,,,,
Cao Jianwei,44,1700000000,,,,,,
Herb Chambers,80,1900000000,,,,,,
Daniel Chiu,61,2000000000,,,,,,
Tim Cook,61,2000000000,,,,,,
Brunello Cucinelli & family,68,2000000000,,,,,,
Georgi Domuschiev,49,2000000000,,,,,,
Kiril Domuschiev,53,2000000000,,,,,,
Glenn Dubin,65,2000000000,,,,,,
James Duff,61,2000000000,,,,,,
Thomas Duff,65,2000000000,,,,,,
Robert Duggan,78,1700000000,,,,,,
Maria Franca Fissolo,87,2000000000,,,,,,
Fu Mingkang & family,59,1400000000,,,,,,
Jay Hennick,65,1900000000,,,,,,
Orion Hindawi,42,2000000000,,,,,,
Ji Qi,55,2400000000,,,,,,
Kim Chang-soo,61,1800000000,,,,,,
Vyacheslav Kim,52,2500000000,,,,,,
Kuan Kam Hon & family,74,1900000000,,,,,,
Egor Kulkov,50,2500000000,,,,,,
Josh Kushner,36,2000000000,,,,,,
Henry Laufer,76,2000000000,,,,,,
Thomas Lee,78,2000000000,,,,,,
Michael Lee-Chin,71,1800000000,,,,,,
Li Xuhui,53,1800000000,,,,,,
Lim Kok Thay,70,2500000000,,,,,,
Joao Roberto Marinho,68,2000000000,,,,,,
Jose Roberto Marinho,66,2000000000,,,,,,
Roberto Irineu Marinho,74,2000000000,,,,,,
Jim McKelvey,56,1800000000,,,,,,
Robert Miller,89,2000000000,,,,,,
David Nahmad,75,2000000000,,,,,,
Florentino Perez,75,2100000000,,,,,,
Jennifer Pritzker,71,2000000000,,,,,,
Linda Pritzker,68,2000000000,,,,,,
P.V. Ramprasad Reddy,64,1700000000,,,,,,
"Joe Rogers, Jr.",75,2000000000,,,,,,
Ruan Shuilong & family,86,1800000000,,,,,,
Phil Ruffin,87,1900000000,,,,,,
Vinod Saraf,69,2100000000,,,,,,
Maria-Elisabeth Schaeffler-Thumann,80,2200000000,,,,,,
Genhuo Shao,56,1800000000,,,,,,
Shen Xiqiang & family,74,1800000000,,,,,,
Shi Wen-long,94,1900000000,,,,,,
Thaksin Shinawatra,72,1900000000,,,,,,
Alexander Skorobogatko,54,2600000000,,,,,,
Sylvia Stroeher,67,2000000000,,,,,,
Wichai Thongtang,75,2000000000,,,,,,
Todd Wagner,61,2000000000,,,,,,
Wang Jianguo,62,1700000000,,,,,,
Shuifu Wang,67,1300000000,,,,,,
Wenbiao Wang,65,1800000000,,,,,,
Kanye West,44,2000000000,,,,,,
Evan Williams,50,2100000000,,,,,,
Zhongyi Wu,48,1800000000,,,,,,
Zhihan Xu,49,1600000000,,,,,,
Yan Zhi,49,1900000000,,,,,,
Michael Ying,72,2100000000,,,,,,
Yuan Liping,51,1100000000,,,,,,
Anu Aga,79,1900000000,,,,,,
Joy Alukkas,65,1900000000,,,,,,
Sezai Bacaksiz,72,1900000000,,,,,,
Acharya Balkrishna,49,2000000000,,,,,,
Kiki Barki,82,554500000,,,,,,
John Bloor,78,1800000000,,,,,,
Nicola Bulgari,81,1900000000,,,,,,
Alejandro Bulgheroni,77,2100000000,,,,,,
Fernando Chico Pardo,70,2100000000,,,,,,
Jose Luis Cutrale,75,1900000000,,,,,,
D. Leopoldo Del Pino,59,1800000000,,,,,,
James Dinan,63,1900000000,,,,,,
Francois Feuillet & family,73,1700000000,,,,,,
Guangming Fu & family,68,1600000000,,,,,,
Mario Gabelli,80,1900000000,,,,,,
Reinold Geiger,74,2000000000,,,,,,
He Zhenggang,68,1700000000,,,,,,
Roberto Hernandez Ramirez,80,1900000000,,,,,,
Hoi Kin Hong,69,1500000000,,,,,,
Huang Qiaoling,63,1600000000,,,,,,
Willis Johnson,75,1800000000,,,,,,
Keeree Kanjanapas,71,1800000000,,,,,,
Kim Dae-il,42,1200000000,,,,,,
Kim Hyoung-nyon,46,1900000000,,,,,,
Andrei Kozitsyn,61,4100000000,,,,,,
Thomas Kwok,70,2000000000,,,,,,
Lei Jufang,69,1800000000,,,,,,
David Lichtenstein,60,1900000000,,,,,,
Lin Dingqiang & family,55,1700000000,,,,,,
Mikhail Lomtadze,46,2400000000,,,,,,
Yusaku Maezawa,46,1700000000,,,,,,
Katarina Martinson,41,1900000000,,,,,,
Shouliang Miao,67,1800000000,,,,,,
Romano Minozzi,87,1600000000,,,,,,
Pedro Moreira Salles,62,2100000000,,,,,,
Alexander Nesis,59,1900000000,,,,,,
Nguyen Dang Quang,58,1800000000,,,,,,
Oei Hong Leong,74,1900000000,,,,,,
Nihat Ozdemir,72,1900000000,,,,,,
Gretel Packer,56,1900000000,,,,,,
Benjamin Zhengmin Pan & family,52,1800000000,,,,,,
Victor Pinchuk,61,2000000000,,,,,,
Alexander Ponomarenko,57,2400000000,,,,,,
Qi Jinxing,60,2200000000,,,,,,
Larry Robbins,52,1900000000,,,,,,
Dwight Schar,80,1900000000,,,,,,
Shi Yifeng,48,2100000000,,,,,,
Sun Hongjun,48,1500000000,,,,,,
Anand Surana,51,1900000000,,,,,,
Dilip Surana,56,1900000000,,,,,,
Djoko Susanto,72,2900000000,,,,,,
Sze Man Bok,72,1900000000,,,,,,
Alain Taravella,74,1800000000,,,,,,
Martin Viessmann,68,1900000000,,,,,,
Georg von Opel,56,2400000000,,,,,,
Changtian Wang,57,1600000000,,,,,,
Wang Chaobin,66,1900000000,,,,,,
Wang Chou-hsiong,81,1900000000,,,,,,
Wang Xiaoshen,53,1700000000,,,,,,
Wei Yin-Heng,63,1900000000,,,,,,
Xue Xiangdong & family,63,1600000000,,,,,,
Yuan Fugen & family,71,1800000000,,,,,,
David Zalik,48,1900000000,,,,,,
Leslie Alexander,78,1800000000,,,,,,
Igor Altushkin,51,3200000000,,,,,,
Roberto Angelini Rossi,73,1800000000,,,,,,
Nigel Austin,51,1800000000,,,,,,
Bang Jun-hyuk,54,1400000000,,,,,,
O. Francis Biondi,57,1800000000,,,,,,
Chang Byung-gyu,49,1700000000,,,,,,
Chen Gang,54,2300000000,,,,,,
Liying Chen,46,1500000000,,,,,,
Chen Xueli,70,1600000000,,,,,,
Chi Yufeng,51,1800000000,,,,,,
Mark Coombs,61,1800000000,,,,,,
Tench Coxe,64,1400000000,,,,,,
John de Mol,67,1700000000,,,,,,
Alfredo Egydio Arruda Villela Filho,52,1900000000,,,,,,
Ibrahim Erdemoglu,59,2200000000,,,,,,
Paul Foster,64,2000000000,,,,,,
James France,77,1800000000,,,,,,
Yasuhiro Fukushima,74,1800000000,,,,,,
Zhongru Gan,73,1300000000,,,,,,
Rahul Gautam,69,1500000000,,,,,,
Ali Ghodsi,43,1800000000,,,,,,
Giammaria Giuliani,44,1800000000,,,,,,
Christopher Goldsbury,79,1800000000,,,,,,
Alexandre Grendene Bartelle,72,1900000000,,,,,,
Surjit Kumar Gupta,80,1900000000,,,,,,
Brian Higgins,57,1800000000,,,,,,
David Hindawi,77,1800000000,,,,,,
Chengzhong Hu,61,1800000000,,,,,,
Huang Min,48,1100000000,,,,,,
Stanley Hubbard,89,1700000000,,,,,,
Hui Lin Chit,68,1800000000,,,,,,
Hal Jackman,89,1800000000,,,,,,
Stephen Jarislowsky,96,1800000000,,,,,,
George Joseph,100,1700000000,,,,,,
Kim Kardashian,41,1800000000,,,,,,
Dominika Kulczyk,44,1900000000,,,,,,
Edward Lampert,59,1800000000,,,,,,
Marc Lasry,61,1800000000,,,,,,
Michiel Le Roux,73,1800000000,,,,,,
Peter Leibinger,55,2500000000,,,,,,
Regine Leibinger,59,2400000000,,,,,,
Nicola Leibinger-Kammueller,62,2400000000,,,,,,
Wolfgang Leitner,69,1900000000,,,,,,
Liu Zhongtian & family,58,1800000000,,,,,,
Bill Malhotra,72,1800000000,,,,,,
George Marcus,80,1600000000,,,,,,
Yves-Loic Martin,56,1800000000,,,,,,
Gary Michelson,73,1800000000,,,,,,
Robert G. Miller,76,1800000000,,,,,,
Fernando Roberto Moreira Salles,76,1900000000,,,,,,
Joao Moreira Salles,60,1900000000,,,,,,
Walther Moreira Salles Junior,66,1900000000,,,,,,
Zugen Ni,65,1800000000,,,,,,
Liora Ofer,68,1700000000,,,,,,
Mrudula Parekh,74,1700000000,,,,,,
David Paul,55,1700000000,,,,,,
Pierre Karl P√©ladeau,60,1700000000,,,,,,
Phillip T. (Terry) Ragon,73,1700000000,,,,,,
G. Rajendran,79,1700000000,,,,,,
Krit Ratanarak,76,1700000000,,,,,,
Jerry Reinsdorf,86,1800000000,,,,,,
Mochtar Riady & family,93,1700000000,,,,,,
Rajju Shroff,88,1900000000,,,,,,
Frank Slootman,63,1400000000,,,,,,
Henry Swieca,65,1800000000,,,,,,
Yuequn Tao,62,2100000000,,,,,,
Robert Toennies,44,1700000000,,,,,,
Torbjorn Tornqvist,68,1800000000,,,,,,
Zhenghua Wang,78,1600000000,,,,,,
Charlotte Colket Weber,79,1800000000,,,,,,
Wu Lanlan & family,48,1700000000,,,,,,
Wu Yulan,52,1700000000,,,,,,
Elaine Wynn,80,1700000000,,,,,,
Xu Shijun & family,59,1100000000,,,,,,
Xu Xudong & family,52,1600000000,,,,,,
Yang Xuegang,57,1600000000,,,,,,
Zhang Chuanwei & family,59,1600000000,,,,,,
Xuexin Zhang & family,74,1700000000,,,,,,
Noubar Afeyan,59,1700000000,,,,,,
Farkhad Akhmedov,66,1700000000,,,,,,
Marc Andreessen,50,1600000000,,,,,,
John Bicket,42,1300000000,,,,,,
Zadik Bino & family,78,1600000000,,,,,,
Alex Birkenstock,53,1600000000,,,,,,
Christian Birkenstock,49,1600000000,,,,,,
Sanjit Biswas,40,1300000000,,,,,,
David Booth,76,1700000000,,,,,,
Josef Boquoi & family,88,1700000000,,,,,,
Saket Burman,45,1600000000,,,,,,
Mingtong Cai,70,1200000000,,,,,,
Chen Yung-tai,86,1700000000,,,,,,
Phongthep Chiaravanont,70,1600000000,,,,,,
Ivan Chrenko,54,1600000000,,,,,,
Sol Daurella,56,1900000000,,,,,,
Dulce Pugliese de Godoy Bueno,74,1600000000,,,,,,
Norbert Dentressangle,67,1600000000,,,,,,
Oleg Deripaska,54,3500000000,,,,,,
Keith Dunleavy & family,52,1700000000,,,,,,
Donald Foss,77,1900000000,,,,,,
Rolf Gerling,67,1600000000,,,,,,
G. Gnanalingam,77,1500000000,,,,,,
He Zhaoxi,48,1200000000,,,,,,
William Heinecke,72,1800000000,,,,,,
Huh Jae-myung,51,1800000000,,,,,,
Tianjiang Jia & family,59,1600000000,,,,,,
Michael Jordan,59,1700000000,,,,,,
Dmitry Kamenshchik,54,2300000000,,,,,,
Kim Taek-jin,55,1700000000,,,,,,
Koo Kwang-mo,44,1800000000,,,,,,
Anthony Langley,67,1700000000,,,,,,
Lee Joong-keun,81,1700000000,,,,,,
James Leininger,77,1700000000,,,,,,
Li Jianli,49,1600000000,,,,,,
Weiwei Li,45,1600000000,,,,,,
Li Zhigang,46,1500000000,,,,,,
Jimmy John Liautaud,58,1700000000,,,,,,
Louise Lindh,42,1700000000,,,,,,
Anand Mahindra,67,2000000000,,,,,,
Bruce Mathieson,78,1700000000,,,,,,
Billy Joe (Red) McCombs,94,1700000000,,,,,,
Deepak Mehta,65,1600000000,,,,,,
Mario Moretti Polegato & family,69,1700000000,,,,,,
Alberto Palatchi,72,1600000000,,,,,,
Nelson Peltz,80,1600000000,,,,,,
Jorge Perez,72,1700000000,,,,,,
Alberto Prada,68,2000000000,,,,,,
Marina Prada,76,2000000000,,,,,,
M.Satyanarayana Reddy,65,1700000000,,,,,,
Rihanna,34,1700000000,,,,,,
Arkady Rotenberg,70,2200000000,,,,,,
Dieter Schnabel,76,1700000000,,,,,,
Shang Xiaobo & family,48,1400000000,,,,,,
Shao Qinxiang,67,1600000000,,,,,,
Basudeo Singh,81,1600000000,,,,,,
Edward Stack,67,1400000000,,,,,,
Weijie Sun,58,1500000000,,,,,,
Vonnarat Tangkaravakoon,50,1800000000,,,,,,
Byron Trott,63,1700000000,,,,,,
Jan Van Geet,51,1400000000,,,,,,
Radha Vembu,49,1700000000,,,,,,
Patrizio Vinciarelli,75,1500000000,,,,,,
Mingwang Wang,55,1600000000,,,,,,
Wang Yanqing & family,75,1300000000,,,,,,
Lars Wingefors,45,2000000000,,,,,,
Stephen Winn,75,1700000000,,,,,,
Ian Wood & family,79,1700000000,,,,,,
Gordon Wu,86,1700000000,,,,,,
Wu Xiangdong,53,1400000000,,,,,,
Yao Kuizhang,57,1400000000,,,,,,
Vladimir Yevtushenkov,73,1700000000,,,,,,
Dasheng Yi,61,1600000000,,,,,,
Yu Lili,54,1300000000,,,,,,
Alan Zekelman,59,1700000000,,,,,,
Kaitian Zeng,47,1600000000,,,,,,
Zhang Jingzhang & family,86,1800000000,,,,,,
Zhang Yubai,57,1600000000,,,,,,
Zheng Hong & family,71,1400000000,,,,,,
Zhong Peifeng,59,1400000000,,,,,,
Zhou Zongwen & family,65,1400000000,,,,,,
Zhu Yiming,49,1500000000,,,,,,
Zhaojiang Zhu,48,1400000000,,,,,,
Anita Zucker,70,1900000000,,,,,,
"Herbert Allen, Jr. & family",82,1700000000,,,,,,
Vasily Anisimov,70,1600000000,,,,,,
Mori Arkin,69,1500000000,,,,,,
Semahat Sevim Arsel,93,1700000000,,,,,,
Clifford Asness,55,1400000000,,,,,,
Louis Bacon,65,1600000000,,,,,,
Hari Bhartia,65,1600000000,,,,,,
Shyam Bhartia,69,1600000000,,,,,,
Amit Burman,52,1500000000,,,,,,
Chen Shibin,55,2100000000,,,,,,
Chen Tianshi,37,1000000000,,,,,,
Robert Clark,63,1600000000,,,,,,
Ana Lucia de Mattos Barretto Villela,48,1700000000,,,,,,
Diao Zhizhong,58,1600000000,,,,,,
Jamie Dimon,66,1700000000,,,,,,
Gary Fegel,48,1600000000,,,,,,
Gao Yunfeng,55,1200000000,,,,,,
Philippe Ginestet & family,68,1500000000,,,,,,
Sam Goi,75,1600000000,,,,,,
Lance Gokongwei,54,1500000000,,,,,,
Sergei Gordeev,49,2100000000,,,,,,
Bill Gross,78,1600000000,,,,,,
Sue Gross,72,1600000000,,,,,,
Patrick Hanrahan,67,1500000000,,,,,,
Lutz Mario Helmig,75,1500000000,,,,,,
Ilkka Herlin,63,1500000000,,,,,,
Asok Kumar Hiranandani,67,1600000000,,,,,,
Archie Hwang,69,1600000000,,,,,,
Jared Isaacman,39,1400000000,,,,,,
Anurang Jain,60,1700000000,,,,,,
Jin Lei & family,67,1700000000,,,,,,
Sunjay Kapur,50,1500000000,,,,,,
Richard Kayne,76,1600000000,,,,,,
Randal J. Kirk,68,1600000000,,,,,,
Jim Koch,73,1600000000,,,,,,
William Koch,82,1700000000,,,,,,
Kagemasa Kozuki,81,1800000000,,,,,,
Arvind Lal,72,1300000000,,,,,,
Robert Langer,73,1700000000,,,,,,
Theodore Leonsis,66,1600000000,,,,,,
Li Denghai,72,1600000000,,,,,,
Li Guoqing,52,1500000000,,,,,,
Li Jiaquan,58,1400000000,,,,,,
Li Rucheng,70,1700000000,,,,,,
Li Sze Lim,65,1600000000,,,,,,
Li Yongqing,57,1500000000,,,,,,
Lim Wee Chai,64,1300000000,,,,,,
Liu Aisen & family,49,1200000000,,,,,,
Liu Ming Chung,59,1600000000,,,,,,
Vincent Lo,73,1600000000,,,,,,
Brandt Louie,78,1600000000,,,,,,
Catherine Lozick,77,1500000000,,,,,,
Lu Zongjun,59,1600000000,,,,,,
Lv Jianming,57,1500000000,,,,,,
"Cargill MacMillan, III.",62,1600000000,,,,,,
Duncan MacMillan,84,1600000000,,,,,,
John MacMillan,72,1600000000,,,,,,
Martha MacMillan,70,1600000000,,,,,,
William MacMillan,68,1600000000,,,,,,
Terence (Terry) Matthews,79,1600000000,,,,,,
Kazuo Okada,79,1200000000,,,,,,
Tomas Olivo Lopez,48,1600000000,,,,,,
Jorge Pinheiro Koren de Lima,49,1000000000,,,,,,
Candido Pinheiro Koren de Lima Junior,51,1000000000,,,,,,
Qian Ying,56,1400000000,,,,,,
Ren Jinsheng & family,59,1700000000,,,,,,
Brian Roberts,62,1600000000,,,,,,
Austin Russell,27,1100000000,,,,,,
George Sakellaris,75,1200000000,,,,,,
Sheryl Sandberg,52,1600000000,,,,,,
Andres Santo Domingo,44,1600000000,,,,,,
Paul Saville,66,1500000000,,,,,,
Ivan Savvidis,63,1600000000,,,,,,
Michael Saylor,57,1100000000,,,,,,
Gerald Schwartz,80,1400000000,,,,,,
Sathien Setthasit,68,1600000000,,,,,,
Keiichi Shibahara,57,1200000000,,,,,,
Evgeny (Eugene) Shvidler,58,1700000000,,,,,,
Ryan Smith,43,1500000000,,,,,,
Peter Sperling,62,1600000000,,,,,,
Ion Stoica,57,1600000000,,,,,,
Bambang Sutantio,63,1700000000,,,,,,
Tan Yu Yeh,51,1400000000,,,,,,
David Teoh,66,1600000000,,,,,,
Carl Thoma,73,1600000000,,,,,,
Ion Tiriac,83,1500000000,,,,,,
Clemens Toennies,66,1600000000,,,,,,
Tran Ba Duong & family,62,1500000000,,,,,,
Tung Ching Bor,59,1600000000,,,,,,
Tung Ching Sai,57,1600000000,,,,,,
Scott Watterson,67,1600000000,,,,,,
Wei Ing-Chou,68,1600000000,,,,,,
Wei Yin-Chun,65,1500000000,,,,,,
Wei Ying-Chiao,67,1500000000,,,,,,
Tom Werner,72,1600000000,,,,,,
Kie Chie Wong,74,1800000000,,,,,,
Xu Guozhong & family,58,1200000000,,,,,,
Xu Yuejuan,60,1500000000,,,,,,
Yang Tingdong,62,1600000000,,,,,,
Yu Peidi,62,1500000000,,,,,,
Matei Zaharia,37,1600000000,,,,,,
Zhang Jian,53,2500000000,,,,,,
Keqiang Zhang,62,1500000000,,,,,,
Zheng Jianjiang & family,61,1400000000,,,,,,
Zhong Sheng Jian,64,1500000000,,,,,,
Antti Aarnio-Wihuri,82,1400000000,,,,,,
Hamdi Akin & family,67,1400000000,,,,,,
Chirayu Amin,75,1400000000,,,,,,
Ziv Aviram,63,1500000000,,,,,,
Danna Azrieli,54,1400000000,,,,,,
Naomi Azrieli,56,1400000000,,,,,,
Sharon Azrieli,61,1400000000,,,,,,
Lesley Bamberger,56,1400000000,,,,,,
Bernhard Braun-Luedicke,45,1400000000,,,,,,
Eva Maria Braun-Luedicke,35,1400000000,,,,,,
Ana Maria Brescia Cafferata,98,1500000000,,,,,,
Nikolai Buinov,54,2800000000,,,,,,
Paolo Bulgari,84,1500000000,,,,,,
Andres Bzurovski Bay,44,1600000000,,,,,,
Ahmet Calik,64,1500000000,,,,,,
Giuliana Caprotti,81,1500000000,,,,,,
Marina Caprotti,44,1500000000,,,,,,
Steve Case,63,1400000000,,,,,,
Safra Catz,60,1500000000,,,,,,
Binod Chaudhary,67,1500000000,,,,,,
Chen Baohua,60,1100000000,,,,,,
Xianbao Chen & family,63,1500000000,,,,,,
Chung Yong-jin,53,1400000000,,,,,,
Eduardo Costantini,75,1400000000,,,,,,
Wenjun Dai,53,1500000000,,,,,,
Bharat Desai,69,1500000000,,,,,,
Mohammed Dewji,47,1500000000,,,,,,
Mathias Doepfner,59,1500000000,,,,,,
Domenico Dolce,63,1400000000,,,,,,
Marek Dospiva,52,1500000000,,,,,,
Henrique Dubugras,26,1500000000,,,,,,
Egon Durban,48,1500000000,,,,,,
Bulent Eczacibasi,72,1400000000,,,,,,
Faruk Eczacibasi,67,1400000000,,,,,,
Henry Engelhardt,64,1300000000,,,,,,
Ali Erdemoglu,62,1900000000,,,,,,
Eduardo Eurnekian,89,1600000000,,,,,,
John Farber,96,1500000000,,,,,,
Clement Fayat & family,90,1400000000,,,,,,
Daniel Feffer,62,1400000000,,,,,,
David Feffer,65,1400000000,,,,,,
Feng Yuxia,57,1300000000,,,,,,
Sergio Fogel,58,1600000000,,,,,,
Pedro Franceschi,25,1500000000,,,,,,
Stefano Gabbana,59,1400000000,,,,,,
Yi Gao & family,53,1400000000,,,,,,
Geng Jianming,59,1300000000,,,,,,
Alan Gerry,93,1500000000,,,,,,
Balkrishan Goenka,55,1300000000,,,,,,
Esther Grether,86,1500000000,,,,,,
Gu Wei,57,1400000000,,,,,,
Torstein Hagen,79,1500000000,,,,,,
Kenneth Hao,53,1500000000,,,,,,
He Zhiping,58,1400000000,,,,,,
Timothy Headington,72,1600000000,,,,,,
Timothy Headington,72,1600000000,,,,,,
Niranjan Hiranandani,72,1500000000,,,,,,
Drew Houston,39,1600000000,,,,,,
Huang Rulun,70,1500000000,,,,,,
Justin Ishbia,44,1400000000,,,,,,
Peter Jackson,60,1500000000,,,,,,
Jin Lei,56,1300000000,,,,,,
Jin Xin,55,1200000000,,,,,,
Conni Jonsson,61,1400000000,,,,,,
Jenny Just,54,1500000000,,,,,,
Ke Xiping & family,61,1500000000,,,,,,
Ke Zunhong & family,67,1300000000,,,,,,
Sidney Kimmel,94,1500000000,,,,,,
Seth Klarman,65,1500000000,,,,,,
Mustafa Rahmi Koc,91,1600000000,,,,,,
Pyotr Kondrashev,72,1500000000,,,,,,
Kong Jian Min,54,1400000000,,,,,,
Hemendra Kothari,75,1400000000,,,,,,
Eduard Kucera,69,1200000000,,,,,,
Christopher Kwok,36,1600000000,,,,,,
Edward Kwok,41,1600000000,,,,,,
Joe Lacob,66,1500000000,,,,,,
Manuel Lao Hern√°ndez,77,1500000000,,,,,,
Lee Joon-ho,57,1300000000,,,,,,
Manfredi Lefebvre d'Ovidio & family,69,1400000000,,,,,,
Zhen Li & family,58,1600000000,,,,,,
Rongfu Lu,51,1400000000,,,,,,
Rafique Malik,71,1500000000,,,,,,
Youssef Mansour,77,1500000000,,,,,,
Mao Lixiang & family,81,1400000000,,,,,,
David McMurtry,82,1500000000,,,,,,
Meng Qingshan & family,73,1600000000,,,,,,
Alan Miller & family,84,1200000000,,,,,,
Greg Mondre,48,1500000000,,,,,,
Massimo Moratti,77,1600000000,,,,,,
Robert Mouawad,77,1500000000,,,,,,
Ezra Nahmad,76,1500000000,,,,,,
Kentaro Ogawa,73,1500000000,,,,,,
Jonathan Oringer,48,1100000000,,,,,,
Niti Osathanugrah,48,1500000000,,,,,,
Dragos Paval,55,1500000000,,,,,,
Zach Perret,34,1500000000,,,,,,
Karl-Johan Persson,47,1400000000,,,,,,
Markus Persson,43,1500000000,,,,,,
Tom Persson,37,1400000000,,,,,,
Kevin Plank,49,1200000000,,,,,,
Andreas Pohl,57,1500000000,,,,,,
"Reinfried Pohl, Jr.",62,1500000000,,,,,,
Michael Polsky,73,1500000000,,,,,,
Qin Long,56,1400000000,,,,,,
G. M. Rao,71,1400000000,,,,,,
Mike Repole,54,1500000000,,,,,,
Fernando Roig,74,1400000000,,,,,,
Christopher Rokos,51,1500000000,,,,,,
Antonio Luiz Seabra,79,1400000000,,,,,,
Amnon Shashua,62,1500000000,,,,,,
Yuri Shefler,54,1500000000,,,,,,
Mikhail Shelkov,54,5700000000,,,,,,
Charlotte Soderstrom,45,1400000000,,,,,,
Edwin Soeryadjaya,72,1800000000,,,,,,
Thomas Steyer,64,1500000000,,,,,,
Kevin Systrom,38,1500000000,,,,,,
Tang Binsen,39,1500000000,,,,,,
Hary Tanoesoedibjo,56,1400000000,,,,,,
Jonathan Tisch,68,1500000000,,,,,,
Wilma Tisch,94,1500000000,,,,,,
Kenny Troutt,74,1500000000,,,,,,
Thomas von Koch,56,1400000000,,,,,,
Junjin Wang,53,1300000000,,,,,,
Wang Zelong,25,1600000000,,,,,,
Myron Wentz,82,1400000000,,,,,,
Kaiting Wu,52,1200000000,,,,,,
Xiong Wu,46,1100000000,,,,,,
Xu Wanmao,77,1300000000,,,,,,
Xue Jiping,71,1400000000,,,,,,
Yang Jian,50,1300000000,,,,,,
Xinghai Zhang & family,59,1800000000,,,,,,
Xuansong Zhang,50,1500000000,,,,,,
Zhang Yin,65,1500000000,,,,,,
Radhe Shyam Agarwal,77,1300000000,,,,,,
Syed Mokhtar AlBukhary,70,1300000000,,,,,,
Nerio Alessandri,61,1500000000,,,,,,
Patricia Angelini Rossi,68,1400000000,,,,,,
Tope Awotona,41,1400000000,,,,,,
Elena Baturina,59,1400000000,,,,,,
Sabrina Benetton,48,1600000000,,,,,,
Thomas Bruch,72,1300000000,,,,,,
Marina Budiman,60,1100000000,,,,,,
Stewart Butterfield,49,1300000000,,,,,,
Richard Chang,75,1400000000,,,,,,
Chen Tianqiao,49,1200000000,,,,,,
Chen Wenyuan & family,54,1300000000,,,,,,
Cheng Antares,64,1200000000,,,,,,
Chin Jong Hwa,64,1300000000,,,,,,
Jim Crane,68,1400000000,,,,,,
Benoit Dageville,55,1000000000,,,,,,
Weili Dai,60,1400000000,,,,,,
Darwin Deason,82,1400000000,,,,,,
Diego Della Valle,68,1300000000,,,,,,
Deng Yingzhong,71,1100000000,,,,,,
Ding Shui Po,51,1500000000,,,,,,
Mark Dixon,62,1300000000,,,,,,
Du Shuanghua,57,1300000000,,,,,,
Mukand Lal Dua,73,1100000000,,,,,,
Ramesh Kumar Dua,68,1100000000,,,,,,
"William Foley, II.",77,1300000000,,,,,,
Jayme Garfinkel & family,76,1600000000,,,,,,
Radhe Shyam Goenka,76,1300000000,,,,,,
Maggie Hardy Knox,56,1400000000,,,,,,
Ayman Hariri,44,1400000000,,,,,,
Christoph Henkel,64,1400000000,,,,,,
Daniel Hirschfeld,81,1300000000,,,,,,
William Hockey,32,1400000000,,,,,,
Huang Guanlin,57,1500000000,,,,,,
Huang Xiaofen & family,60,1100000000,,,,,,
Jay-Z,52,1300000000,,,,,,
Yintai Jiang & family,71,858200000,,,,,,
Johan Johannson,55,1300000000,,,,,,
Ramesh Juneja,66,1400000000,,,,,,
Scott Kapnick,63,1400000000,,,,,,
Viktor Kharitonin,49,2600000000,,,,,,
Kim Jun-ki,77,1400000000,,,,,,
Kim Sang-yeol,61,1400000000,,,,,,
Yogesh Kothari,73,1300000000,,,,,,
Kurt Krieger,74,1400000000,,,,,,
Mustafa Kucuk,58,1200000000,,,,,,
Sebastian Kulczyk,41,1400000000,,,,,,
Gary Lauder,60,1300000000,,,,,,
Art Levinson,72,1400000000,,,,,,
Li Li,58,1500000000,,,,,,
Scott Lin,89,1100000000,,,,,,
Jenny Lind√©n Urnes,51,1400000000,,,,,,
Anatoly Lomakin,69,1400000000,,,,,,
Jeffrey Lorberbaum,67,1500000000,,,,,,
Gary Magness,68,1400000000,,,,,,
Zhongwu Mao,59,1300000000,,,,,,
Ilson Mateus & family,59,1500000000,,,,,,
Vadim Moshkovich,55,1500000000,,,,,,
Jerry Moyes & family,78,1400000000,,,,,,
George Alexander Muthoot,66,1100000000,,,,,,
George Jacob Muthoot,69,1100000000,,,,,,
George Thomas Muthoot,71,1100000000,,,,,,
Sara George Muthoot,62,1100000000,,,,,,
Marius Nacht,56,1400000000,,,,,,
Adam Neumann,43,1500000000,,,,,,
Simon Nixon,54,1300000000,,,,,,
Stefan Olsson,73,1400000000,,,,,,
Ranjan Pai,49,1400000000,,,,,,
Antonio Percassi,68,1400000000,,,,,,
Mark Pincus,56,1400000000,,,,,,
Alexey Repik,42,2300000000,,,,,,
Matthew Roszak,49,1100000000,,,,,,
Subhash Runwal,79,1400000000,,,,,,
Carlos Sanchez,60,1500000000,,,,,,
Martin Selig,84,1400000000,,,,,,
Bhadresh Shah,70,1800000000,,,,,,
Ben Silbermann,39,1200000000,,,,,,
Jared Smith,47,1400000000,,,,,,
Sun Qinghuan,49,1100000000,,,,,,
Prachak Tangkaravakoon,78,1300000000,,,,,,
Lina Tombolato,74,1400000000,,,,,,
Tong Jinquan,67,1300000000,,,,,,
Luiza Helena Trajano,70,1000000000,,,,,,
John Van Lieshout,76,1400000000,,,,,,
Vardis Vardinoyannis & family,89,1600000000,,,,,,
Jens von Bahr,51,1400000000,,,,,,
Werner O. Weber,83,1300000000,,,,,,
Drorit Wertheim,66,1400000000,,,,,,
Bo Wu,68,1200000000,,,,,,
Eugene Wu,77,1200000000,,,,,,
Wu Xushun & family,74,1400000000,,,,,,
Wenbo Xiang,59,1300000000,,,,,,
Swift Xie,42,1400000000,,,,,,
Xu Bingzhong,48,1500000000,,,,,,
Xu Shaochun,59,1400000000,,,,,,
George Yancopoulos,62,1400000000,,,,,,
Gavril Yushvaev,64,1700000000,,,,,,
Zhuo Jun,56,1100000000,,,,,,
Fredrik √ñsterberg,51,1400000000,,,,,,
Alberto Alcocer,79,1300000000,,,,,,
Alexandra Andresen,25,1200000000,,,,,,
Katharina Andresen,27,1200000000,,,,,,
Rutger Arnhult,55,1100000000,,,,,,
Anant Asavabhokin,71,1200000000,,,,,,
Mehmet Aydinlar,65,1300000000,,,,,,
Binny Bansal,39,1300000000,,,,,,
Sachin Bansal,40,1300000000,,,,,,
Barbara Benetton,52,1500000000,,,,,,
Othman Benjelloun & family,89,1300000000,,,,,,
Angela Bennett,78,1300000000,,,,,,
Oleg Boyko,57,1300000000,,,,,,
Anna Maria Braun,43,1200000000,,,,,,
Edouard Carmignac,74,1300000000,,,,,,
Anthony Casalena,40,1000000000,,,,,,
Chang Jing,39,1500000000,,,,,,
Jeffrey Cheah,77,1300000000,,,,,,
Chen Shiliang,58,1200000000,,,,,,
Yuantai Chen,54,1100000000,,,,,,
Cheng Xianfeng,53,1000000000,,,,,,
Chu Jian,59,1200000000,,,,,,
Chua Thian Poh,73,1300000000,,,,,,
Alberto Cortina,76,1400000000,,,,,,
Sandor Csanyi,69,1200000000,,,,,,
Sasson Dayan & family,82,1400000000,,,,,,
Anand Deshpande,60,1100000000,,,,,,
Richard Desmond,70,1300000000,,,,,,
Shlomo Eliahu,86,1300000000,,,,,,
Jose Roberto Ermirio de Moraes,64,1400000000,,,,,,
Jose Ermirio de Moraes Neto,69,1400000000,,,,,,
David Fattal & family,64,1200000000,,,,,,
Marvy Finger,86,1300000000,,,,,,
Adam Foroughi,42,1100000000,,,,,,
Richard Fortin,73,1600000000,,,,,,
Luiz Frias,59,1500000000,,,,,,
Susumu Fujita,49,1200000000,,,,,,
Simona Giorgetta,45,1300000000,,,,,,
Premchand Godha,75,1100000000,,,,,,
Mikhail Gutseriev & brother,64,1200000000,,,,,,
Hang Hong,54,778600000,,,,,,
Alfredo Harp Helu & family,78,1300000000,,,,,,
Jaroslav Hascak & family,52,1300000000,,,,,,
He Zuxun,56,1100000000,,,,,,
David Hoffmann,69,1300000000,,,,,,
Francis Holder,81,1300000000,,,,,,
Hu Rongda & family,63,1200000000,,,,,,
Wei Huang,62,1100000000,,,,,,
Zarakh Iliev,55,3700000000,,,,,,
Mitchell Jacobson,71,1400000000,,,,,,
Jiang Guiting & family,63,1300000000,,,,,,
Rajeev Juneja,56,1300000000,,,,,,
Peter Kelly,64,1200000000,,,,,,
Kim Nam-jung,49,1200000000,,,,,,
Koon Poh Ming,65,1100000000,,,,,,
Michael Krasny,68,1300000000,,,,,,
Raymond Kwok,69,1300000000,,,,,,
Heikki Kyostila,76,1300000000,,,,,,
Lee Ho-jin,59,1200000000,,,,,,
Bernard Lewis & family,96,1200000000,,,,,,
Fengluan Li,60,1300000000,,,,,,
Hua Li,44,1800000000,,,,,,
Lin Zhixiong & family,48,1000000000,,,,,,
Liu Ming Hui,59,1300000000,,,,,,
Xuejing Liu & family,71,1300000000,,,,,,
Lu Yonghua & family,58,1100000000,,,,,,
Zhaoxi Lu,53,1300000000,,,,,,
Frederic Luddy,67,1300000000,,,,,,
Miao Yongjun,54,1100000000,,,,,,
Martin Moller Nielsen,57,1300000000,,,,,,
Neide Helena de Moraes,67,1400000000,,,,,,
Yoshiko Mori,81,1200000000,,,,,,
Mofatraj Munot,77,1100000000,,,,,,
Randal Nardone,66,1700000000,,,,,,
God Nisanov,50,3700000000,,,,,,
Vadim Novinsky,58,1400000000,,,,,,
Satyanarayan Nuwal,69,1400000000,,,,,,
John Ocampo,63,1200000000,,,,,,
Pan Gang,51,1200000000,,,,,,
Forrest Preston,89,1000000000,,,,,,
Riju Raveendran,39,1200000000,,,,,,
P.P. Reddy,64,1300000000,,,,,,
P.V.Krishna Reddy,52,1300000000,,,,,,
Satish Reddy,54,1300000000,,,,,,
Lily Safra,84,1300000000,,,,,,
Richard Saghian,40,1400000000,,,,,,
Deniz Sahenk,76,1300000000,,,,,,
Thomas Sandell,61,1300000000,,,,,,
Hajime Satomi,80,1300000000,,,,,,
James Scapa,65,1200000000,,,,,,
Paul Sciarra,41,1200000000,,,,,,
Albert Shigaboutdinov,69,1400000000,,,,,,
Nobutoshi Shimamura,96,1200000000,,,,,,
Ron Sim,63,1300000000,,,,,,
Alexander Sixt,42,1200000000,,,,,,
Konstantin Sixt,39,1200000000,,,,,,
Terry Snow,78,1300000000,,,,,,
Marco Squinzi,50,1200000000,,,,,,
Veronica Squinzi,50,1200000000,,,,,,
Manny Stul,73,1300000000,,,,,,
Rustem Sulteev,68,1400000000,,,,,,
Sehat Sutardja,60,1300000000,,,,,,
Tony Tan Caktiong,69,1100000000,,,,,,
Jim Thompson,82,1200000000,,,,,,
Carmen Thyssen,79,1300000000,,,,,,
August Troendle,66,1400000000,,,,,,
Joop van den Ende,80,1300000000,,,,,,
Sekar Vembu,50,1200000000,,,,,,
Sandro Veronesi & family,62,1300000000,,,,,,
Wan Long,81,1500000000,,,,,,
Han Wang,34,1100000000,,,,,,
Wang Jianyi,59,1200000000,,,,,,
Wang Qinghua,56,1400000000,,,,,,
Pengcheng Wen & family,59,1100000000,,,,,,
"Alfred West, Jr.",79,1400000000,,,,,,
Dan Wilks,66,1300000000,,,,,,
Farris Wilks,70,1300000000,,,,,,
Tony Xu,37,1100000000,,,,,,
Ye Yanqiao,52,1100000000,,,,,,
Patrick Zalupski,41,1100000000,,,,,,
Shengda Zan,59,1300000000,,,,,,
Zeng Chaoyi,53,1100000000,,,,,,
Zhang Guiping & family,70,1200000000,,,,,,
Peng Zhao,51,1400000000,,,,,,
Zheng Zhiguo,50,1200000000,,,,,,
Kostyantin Zhevago,48,1400000000,,,,,,
Zhou Mingjie,64,998300000,,,,,,
Zhu Xingliang,63,1200000000,,,,,,
Sanjay Agarwal,51,1300000000,,,,,,
Hamad bin Jassim bin Jaber Al Thani,62,1200000000,,,,,,
Betty Ang,67,1200000000,,,,,,
Christian Angermayer,44,1100000000,,,,,,
Mika Anttonen,55,1100000000,,,,,,
Jose Maria Aristrain,59,1300000000,,,,,,
Emilio Azcarraga Jean,54,1200000000,,,,,,
Thomas Bailey,85,1200000000,,,,,,
Andrei Bokarev,55,2200000000,,,,,,
Stephane Bonvin,55,1100000000,,,,,,
Ashok Boob,70,1100000000,,,,,,
Ludwig Theodor Braun,32,1200000000,,,,,,
Friederike Braun-Luedicke,38,1200000000,,,,,,
Pradip Burman,79,1100000000,,,,,,
Chen Xueling,54,1100000000,,,,,,
Cheng Lili,57,1100000000,,,,,,
Yvon Chouinard,83,1200000000,,,,,,
Luigi Cremonini & family,83,1100000000,,,,,,
Gleb Fetisov,55,1200000000,,,,,,
Robert Fisher,68,1100000000,,,,,,
William Fisher,65,1000000000,,,,,,
J. Christopher Flowers,64,1200000000,,,,,,
Bernd Freier,65,1200000000,,,,,,
Dan Gertler,48,1200000000,,,,,,
John Goff,67,1400000000,,,,,,
Lawrence Golub,62,1200000000,,,,,,
Sven Hagstr√∂mer,78,1100000000,,,,,,
Fahed Hariri,41,1200000000,,,,,,
Richard Hayne,74,1100000000,,,,,,
Michael Heine,72,1200000000,,,,,,
Heikki Herlin,35,1200000000,,,,,,
Hong Feng,45,1100000000,,,,,,
Huang Shih Tsai,71,1200000000,,,,,,
Huang Wenbiao,55,1000000000,,,,,,
Mohammed Ibrahim,76,1200000000,,,,,,
Hedda im Brahm-Droege,67,1100000000,,,,,,
Rameshchandra Jain,73,1200000000,,,,,,
Laurent Junique,56,1300000000,,,,,,
Zbigniew Juroszek & family,59,1200000000,,,,,,
Chatchai Kaewbootta,70,1100000000,,,,,,
Shirley Kao,65,1200000000,,,,,,
Ipek Kirac,37,1400000000,,,,,,
Andrei Kosogov,61,1300000000,,,,,,
John Kusuma,55,1000000000,,,,,,
Hartono Kweefanus,72,1200000000,,,,,,
Kwek Leng Peck,66,1200000000,,,,,,
Guy Lalibert√©,62,1200000000,,,,,,
Lee Sang-ryul,60,1100000000,,,,,,
Lee Seung-gun,40,1200000000,,,,,,
Li Wanqiang,44,1100000000,,,,,,
Lu Hongyan,45,1200000000,,,,,,
Carsten Maschmeyer,63,1200000000,,,,,,
Rubens Menin Teixeira de Souza,66,1000000000,,,,,,
Lorinc Meszaros,56,1200000000,,,,,,
Ulrich Mommert & family,81,1200000000,,,,,,
George Pedersen,86,1300000000,,,,,,
David Penaloza Alanis,48,1100000000,,,,,,
Stefan Pierer,65,1100000000,,,,,,
Murdaya Poo,81,1100000000,,,,,,
Leonid Radvinsky,40,1100000000,,,,,,
Megdet Rahimkulov & family,76,1100000000,,,,,,
Andrei Rappoport,58,1200000000,,,,,,
Dasari Uday Kumar Reddy,55,1100000000,,,,,,
Helena Revoredo,75,1100000000,,,,,,
Duke Reyes,65,1200000000,,,,,,
Nobutada Saji,76,1100000000,,,,,,
Leonard Schleifer,69,1200000000,,,,,,
Airat Shaimiev,60,1500000000,,,,,,
Radik Shaimiev,57,1400000000,,,,,,
Vijay Shekhar Sharma,43,1100000000,,,,,,
Devi Shetty,69,1100000000,,,,,,
Michael Steinhardt,81,1200000000,,,,,,
Petter Stordalen & family,59,1100000000,,,,,,
Winarko Sulistyo,76,1100000000,,,,,,
Sun Huaiqing & family,52,1000000000,,,,,,
Luc Tack,60,1200000000,,,,,,
Lucio Tan,87,1000000000,,,,,,
Yoshikazu Tanaka,45,1100000000,,,,,,
Stanley Tang,29,958400000,,,,,,
Sam Tarascio,77,1200000000,,,,,,
Alexander Tedja,76,1200000000,,,,,,
Laurie Tisch,71,1200000000,,,,,,
Steven Tisch,73,1200000000,,,,,,
Stefania Triva,57,1200000000,,,,,,
Maria Grace Uy,54,1300000000,,,,,,
Wim van der Leegte,74,1400000000,,,,,,
Thongma Vijitpongpun,64,1200000000,,,,,,
Wang Jilei,57,1400000000,,,,,,
Wang Junmin,53,1100000000,,,,,,
J. Wayne Weaver,86,1200000000,,,,,,
Weng Xianding,60,1200000000,,,,,,
Horst Wortmann,81,1100000000,,,,,,
Wu Chung-yi,66,1200000000,,,,,,
Wu Li-gann,81,1200000000,,,,,,
Xiu Laigui,67,1200000000,,,,,,
Yeh Kuo-I,81,1200000000,,,,,,
Faxiang Yu,50,1200000000,,,,,,
A. Jayson Adair,52,1100000000,,,,,,
Joao Alves de Queiroz Filho,69,1400000000,,,,,,
Ryuji Arai,76,1000000000,,,,,,
Sara Blakely,51,1100000000,,,,,,
Lloyd Blankfein,67,1100000000,,,,,,
Henadiy Boholyubov,60,1100000000,,,,,,
Caspar Callerstr√∂m,49,971100000,,,,,,
Kejian Cao,60,1000000000,,,,,,
Dai Lizhong,53,1100000000,,,,,,
Pedro de Godoy Bueno,32,1100000000,,,,,,
Aydin Dogan,86,1100000000,,,,,,
Gabriel Escarrer,87,1200000000,,,,,,
Richard Fairbank,71,1100000000,,,,,,
Andy Fang,29,947300000,,,,,,
Paul Fireman,78,1100000000,,,,,,
Donald Friese,81,1100000000,,,,,,
Soichiro Fukutake,76,1000000000,,,,,,
Antonio Gallardo Ballart,86,997900000,,,,,,
David Golub,60,1100000000,,,,,,
Stelios Haji-Ioannou,55,1100000000,,,,,,
Mustafa Hamied,81,995500000,,,,,,
Ronnen Harary,50,1100000000,,,,,,
Hong Seok-joh,69,1100000000,,,,,,
Subba Rao Jasti,95,1100000000,,,,,,
Long Jiang,48,1200000000,,,,,,
Jonas Kamprad,56,1100000000,,,,,,
Mathias Kamprad,52,1100000000,,,,,,
Peter Kamprad,58,1100000000,,,,,,
Samvel Karapetyan,56,3500000000,,,,,,
Ke Guihua,56,1300000000,,,,,,
Kim Jung-woong,47,1100000000,,,,,,
Harry Klagsbrun,67,1100000000,,,,,,
Alexander Knauf,48,1000000000,,,,,,
Koh Wee Meng,58,1000000000,,,,,,
Sergei Kolesnikov,50,2100000000,,,,,,
Andrei Komarov,55,1100000000,,,,,,
Koo Bon-neung,73,1100000000,,,,,,
Koo Bon-sik,63,1200000000,,,,,,
Suresh Krishna,85,1100000000,,,,,,
Nancy Lerner,62,1100000000,,,,,,
Norma Lerner,86,1100000000,,,,,,
Randolph Lerner,60,1100000000,,,,,,
Li Tan,57,1200000000,,,,,,
Lim Hariyanto Wijaya Sarwono,93,1100000000,,,,,,
Liu Chengyu & family,59,1100000000,,,,,,
Lou Boliang,58,1100000000,,,,,,
Lun Ruixiang & family,54,1100000000,,,,,,
Lv Yongxiang,72,1000000000,,,,,,
Yasseen Mansour,60,1100000000,,,,,,
Jorge Mas,59,1100000000,,,,,,
Ulrike Meister,55,1100000000,,,,,,
Jeffrey Michael & family,65,1000000000,,,,,,
Kerr Neilson,72,1100000000,,,,,,
Jose Isaac Peres & family,81,1200000000,,,,,,
Anton Rabie,50,1100000000,,,,,,
Igor Rybakov,50,2100000000,,,,,,
K. Rai Sahi,76,1100000000,,,,,,
"Karl Scheufele, III. & family",83,1100000000,,,,,,
Analjit Singh,68,1100000000,,,,,,
Kavita Singhania,60,1100000000,,,,,,
Michael S. Smith,67,1100000000,,,,,,
Scott Smith,73,1000000000,,,,,,
Michael Spencer,67,1000000000,,,,,,
Venu Srinivasan,69,1400000000,,,,,,
Xiuguo Tang,58,1000000000,,,,,,
Mehmet Sinan Tara,64,1000000000,,,,,,
Robert Toll,81,1100000000,,,,,,
Surin Upatkoon,73,1000000000,,,,,,
Murat Vargi,74,1100000000,,,,,,
Pongsak Viddayakorn,88,1300000000,,,,,,
Wang Shumin,65,1100000000,,,,,,
Allan Wong,72,1200000000,,,,,,
Wu Yonghua,51,1000000000,,,,,,
Franziska Wuerbser,34,1100000000,,,,,,
Xiong Jun & family,48,960500000,,,,,,
Yang Erzhu,71,1100000000,,,,,,
Vlad Yatsenko,38,1100000000,,,,,,
Yoshiaki Yoshida,81,1000000000,,,,,,
Igor Yusufov,65,1100000000,,,,,,
Zhang Cheng Fei,54,1100000000,,,,,,
Zhang Fangliang,57,1000000000,,,,,,
Baoshen Zhong,54,1100000000,,,,,,
"Wilbur  'Ed' Bosarge, Jr.",82,1000000000,,,,,,
Johanna Braun,42,1000000000,,,,,,
Karl Friedrich Braun,39,1000000000,,,,,,
Jean-Pierre Cayard,79,1000000000,,,,,,
Vivien Chen,63,1000000000,,,,,,
Chey Ki-won,57,1000000000,,,,,,
Doug Clarke,41,1000000000,,,,,,
Ronald Clarke,66,1000000000,,,,,,
Carl DeSantis,82,1400000000,,,,,,
Nari Genomal,82,1100000000,,,,,,
Ramesh Genomal,71,1100000000,,,,,,
Sunder Genomal,68,1100000000,,,,,,
Horst-Otto Gerberding,69,1100000000,,,,,,
Huang Jinxiang & family,57,1200000000,,,,,,
Hiroshi Ishibashi,75,1100000000,,,,,,
Bent Jensen,70,1500000000,,,,,,
Boris Jordan,56,1000000000,,,,,,
Morris Kahn,92,1000000000,,,,,,
Marcelo Kalim,52,1100000000,,,,,,
Eugene Kaspersky,56,1000000000,,,,,,
Ken Kendrick,78,1000000000,,,,,,
Ihor Kolomoyskyy,59,1000000000,,,,,,
Bruce Nordstrom,88,1100000000,,,,,,
Scott Nuttall,49,1100000000,,,,,,
Tyler Perry,52,1000000000,,,,,,
G.V. Prasad,61,1100000000,,,,,,
Vera Rechulski Santo Domingo,73,1000000000,,,,,,
Michael Rees,47,985000000,,,,,,
Mark Rein,59,1000000000,,,,,,
Ren Zhengfei,78,1000000000,,,,,,
Francisco Jose Riberas Mera,58,1200000000,,,,,,
Boris Rotenberg,65,1100000000,,,,,,
Alan Rydge,69,1000000000,,,,,,
Neerja Sethi,67,1000000000,,,,,,
Ramesh Chandra Sharma,77,1100000000,,,,,,
Axel Stawski,71,1000000000,,,,,,
Joseph Steinberg,78,1000000000,,,,,,
Dennis Anthony Uy,56,1100000000,,,,,,
Peter-Alexander Wacker,70,1200000000,,,,,,
Shigefumi Wada & family,69,993400000,,,,,,
Mark Haoyong Yang,47,1000000000,,,,,,
Yao Hsiao Tung,82,1000000000,,,,,,
"Richard Yuengling, Jr.",79,1100000000,,,,,,